high_level_substr,sig_gene_seq
PUL952,"1.B.14.12.1,GntR,PL6|PL6_1,PL17_2|PL17,AraC_binding,2.A.1.14.25,null,PfkB,null"
PUL953,"1.B.14.12.2,null,null,null,null,PfkB,2.A.1.14.25,null,PL17_2|PL17,PL6|PL6_1,null"
PUL954,"1.B.14,GntR,PL6|PL6_1,PL17_2|PL17,AraC_binding,2.A.1,null,PfkB,null,null"
PUL955,"2.A.28,null,PL6|PL6_1,PL17_2|PL17,1.B.14,8.A.46"
PUL956,"3.D.2.2.1,3.D.2.2.1,3.D.2.2.1,PfkB,2.A.1.14.25,PL6|PL6_1,GntR,null"
PUL957,"3.D.2.2.1,3.D.2.2.1,3.D.2.2.1,PfkB,PL6|PL6_1,GntR,null"
PUL958,"3.D.2,3.D.2,3.D.2,PfkB,2.A.1,PL6|PL6_1,GntR,null"
PUL959,"AraC_binding,null,null,2.A.50.2.1,PL5_1,null,null,1.B.13.1.1,null,null,GT2,null"
PUL960,"AraC_binding,null,null,2.A.50,PL5_1,null,null,1.B.13,null,null,4.D.1,null"
PUL961,"CBM16|CBM32|PL18,null,null,PL6,PL6,SBP_bac_3,null,null,null,PfkB,null,2.A.1,AraC_binding,PL17_2|PL17,PL6|PL6_1,PL7_5,GntR"
PUL962,"GerE,1.B.14,null,null,GH144,GH144,CE1,GH3,null,BLUF,null,null,null,null,null,null,null,PL6|PL6_1,PL12,PL6|PL6_1,PL17_2|PL17,AraC_binding,null,null,1.B.14,8.A.46,GntR,2.A.1,null,LacI,PfkB,null,null,TPR_2,Response_reg,null,null,null"
PUL963,"GntR,1.B.14.6.1,8.A.46.1.5,null,PL6|PL6_1,PL17_2|PL17"
PUL964,"GntR,1.B.14.6.1,8.A.46.1.5,null,PL6|PL6_1,PL17_2|PL17_2"
PUL965,"GntR,CBM32|PL7_5,1.B.14.12.1,PL6_3,PL7_5,2.A.1.14.25,PL6|PL6_1,null,null,null,2.A.1.14.25"
PUL966,"GntR,null,PL6,PL17_2|PL17,2.A.1.14.25,null,null"
PUL967,"GntR,PL7_5,PL6|PL6_1,PL17_2|PL17,AraC_binding,2.A.1.14.25,null,PfkB,null,null,null,SBP_bac_3,PL6,PL6,null,CBM16|CBM32|PL18"
PUL968,"null,GntR,3.A.1,3.A.1,3.A.1,3.A.1,PL15_1,null"
PUL969,"null,GntR,null,PL6,PL17_2|PL17,2.A.1,null,null"
PUL970,"null,GT2,null,null,1.B.13.1.1,null,null,PL5_1,2.A.50.2.1,null,null,AraC_binding"
PUL971,"null,LacI,PL7_5,1.B.14.12.2,null,null,SKI,PL6|PL6_1"
PUL972,"null,null,1.B.14.6.1,null,null,PL7,PL7,GntR,null"
PUL973,"null,null,1.B.14,null,null,PL7,PL7,GntR,null,null"
PUL974,"null,null,2.A.1.14.25,PL17_2|PL17,null,GntR,null"
PUL975,"null,null,null,PL6|PL6_1,PL17_2|PL17,AraC_binding,2.A.1.14.25,PfkB,null"
PUL976,"null,null,null,PL6|PL6_1,PL17_2|PL17,AraC_binding,2.A.1.14.25,PfkB,null,GntR,CBM32|PL7_5,1.B.14.12.1,PL6_3,PL7_5"
PUL977,"null,null,null,PL6|PL6_1,PL17_2|PL17,AraC_binding,2.A.1,PfkB,null"
PUL978,"null,null,null,PL6|PL6_1,PL17_2|PL17,AraC_binding,2.A.1,PfkB,null,GntR,CBM32|PL7_5,1.B.14,PL6_3,PL7_5"
PUL979,"null,null,PL5_1,null,null"
PUL980,"null,PfkB,null,2.A.1.14.25,GntR,PL7,null,null,1.B.14.6.2,null,AraC_binding,PL17_2|PL17"
PUL981,"null,PfkB,null,2.A.1,GntR,PL7,null,null,1.B.14,null,AraC_binding,PL17_2|PL17"
PUL982,"null,PL6_3,null,null,null,PfkB,2.A.1.14.25,null,PL17_2|PL17,PL6|PL6_1,null"
PUL983,"null,PL6|PL6_1,PL17_2|PL17,null,2.A.1.14.25,PfkB,null,null,null,null,1.B.14.12.2"
PUL984,"null,PL6|PL6_1,PL17_2|PL17,null,2.A.1.14.25,PfkB,null,null,null,PL6_3,null"
PUL985,"null,PL6|PL6_1,PL17_2|PL17,null,2.A.1.14.25,PfkB,null,null,null,PL6_3,null,1.B.14.12.2"
PUL986,"null,PL6|PL6_1,PL17_2|PL17,null,2.A.1,PfkB,null,null,null,PL6_3,null,1.B.14,GerE,null"
PUL987,"peroxidase,null,PL5|PL7,LacI,3.A.1,3.A.1,3.A.1,3.A.1,3.A.1,PL15_1"
PUL988,"PfkB,AraC_binding,null,PL15_1,3.A.1,3.A.1,3.A.1,null"
PUL989,"PL17_2|PL17_2,PL6|PL6_1,null,8.A.46.1.5,1.B.14.6.1,GntR"
PUL990,"PL17_2|PL17,PL6|PL6_1,8.A.46.1.5,1.B.14.6.1,null,GntR"
PUL991,"PL17_2|PL17,PL6|PL6_1,null,8.A.46.1.5,1.B.14.6.1,GntR"
PUL992,"PL17_2|PL17,PL6|PL6_1,null,8.A.46,1.B.14,null,GntR"
PUL993,"PL5|PL7,LacI,3.A.1,3.A.1,3.A.1,3.A.1,3.A.1,PL15_1"
PUL994,"PL6|PL6_1,CE20,8.A.46.1.2,1.B.14.6.1,PL17_2|PL17"
PUL995,"PL6|PL6_1,null,null,1.B.14.12.2,LacI,null"
PUL996,"PL6|PL6_1,null,null,1.B.14.12.2,PL7_5,LacI,null"
PUL997,"PL6|PL6_1,null,null,1.B.14,PL17_2|PL17"
PUL998,"PL6|PL6_1,PL7_5,PL6|PL6_1"
PUL999,"PL7_5,null,PL6|PL6_1,PL7_5,null,null,PL17_2|PL17,AraC_binding,1.B.14,null,null,PL7,PL7,GntR,2.A.1,null,PfkB,null,null,LacI"
PUL1000,"1.B.14.6.1,8.A.46.1.5,null,GH31,GH97"
PUL1001,"1.B.14.6.1,8.A.46.1.5,null,GH66,GH31"
PUL1002,"1.B.14.6.1,8.A.46.1.5,null,GH66,GH31,GH31_14"
PUL1003,"1.B.14.6.1,8.A.46.1.5,null,GH66,GH31,GH97"
PUL1004,"1.B.14.6.1,null,GH13,GH13,GH97"
PUL1005,"1.B.14.6.1,TPR_2,null,GH13,GH13,GH97"
PUL1006,"1.B.14,8.A.46,null,GH66,GH31,GH97"
PUL1007,"2.A.1.2.93,GH13_18"
PUL1008,"2.A.1.2.93,GH13_18,LacI"
PUL1009,"2.A.1.5.3,GH32"
PUL1010,"2.A.1.5.3,PfkB,GH32,LacI"
PUL1011,"2.A.21.3.21,8.A.46.1.1,1.B.14.6.1,LacI,GH65,GH13_38,null,null,Pyr_redox_2,1.A.8.2.9,null"
PUL1012,"2.A.21,8.A.46,1.B.14,LacI,GH65,GH13_38,null,null,Pyr_redox_2,1.A.8,null"
PUL1013,"3.A.1.1.27,3.A.1.1.27,3.A.1.1.27,CBM34|GH13_20,GH13_31"
PUL1014,"3.A.1.1.45,3.A.1.1.45,LacI,3.A.1.1.45,GH13_30"
PUL1015,"3.A.1,3.A.1,3.A.1,3.A.1,HTH_12,null,GH65,CBM34|GH13_20,8.A.9,null,LacI,null"
PUL1016,"3.A.1,3.A.1,3.A.1,GH13_1,LacI|Peripla_BP_3"
PUL1017,"4.A.1.2.9,GH32,LacI"
PUL1018,"8.A.46.1.5,null,GH66,GH31,GH97"
PUL1019,"8.A.9,CBM34|GH13_20,null,3.A.1,3.A.1,3.A.1"
PUL1020,"8.A.9,GH77,9.B.28,3.A.1,3.A.1,LacI,3.A.1,8.A.9"
PUL1021,"8.A.9,null,null,8.A.46,1.B.14,GH97,8.A.9,null"
PUL1022,"CBM34|GH13_20,3.A.1.1.26,3.A.1.1.26,3.A.1.1.26,null"
PUL1023,"CBM48|GH13_11,null,GT5,GT35"
PUL1024,"CBM48|GH13_9,CBM48|GH13_11,null,GT5,GT35"
PUL1025,"CBM48|GH13_9,null,GT5,GT35"
PUL1026,"CBM48|GH13_9,null,null,GT5,GT35"
PUL1027,"CBM61|GH53,CBM86|CBM22|GH10|CBM9,null,3.A.1.1.45,3.A.1.1.45,GH13_18,GH32,LacI,GH13_31,GH36,PfkB"
PUL1028,"CBM82|CBM83|GH13_41,null,HTH_1,Pyr_redox_2"
PUL1029,"GH13_10,null,8.A.46.1.1,1.B.14.6.1,LacI"
PUL1030,"GH13_10,null,8.A.46,1.B.14,LacI"
PUL1031,"GH13_10,null,null,8.A.46.1.1,1.B.14.6.1,GH97"
PUL1032,"GH13_10,null,null,8.A.46.1.1,1.B.14.6.1,GH97,GH13_46"
PUL1033,"GH13_10,null,null,8.A.46,1.B.14,GH97,GH13"
PUL1034,"GH13_18,null"
PUL1035,"GH13_18,null,LacI"
PUL1036,"GH13_20,8.A.9,3.A.1,3.A.1,3.A.1"
PUL1037,"GH13_30,3.A.1.1.45,LacI,3.A.1.1.45,3.A.1.1.45"
PUL1038,"GH13_30,3.A.1.1.45,LacI,3.A.1.1.45,3.A.1.1.45,9.B.28.1.3,GH77,GH13_44"
PUL1039,"GH13_30,LacI,3.A.1.1.45,3.A.1.1.45"
PUL1040,"GH13_30,LacI,3.A.1.1.45,3.A.1.1.45,9.B.28.1.3,GH77"
PUL1041,"GH13_31,CBM34|GH13_20,3.A.1.1.27,3.A.1.1.27,3.A.1.1.27"
PUL1042,"GH13_31,LacI"
PUL1043,"GH13_31,null,null,GH36,3.A.1.1.28,3.A.1.1.28,SBP_bac_1,null,GH36"
PUL1044,"GH13_36,null,null,8.A.46.1.1,1.B.14.6.1,GH97,GH13_46"
PUL1045,"GH13_36,null,null,8.A.46.1.1,1.B.14.6.1,GH97,GH13_46,null"
PUL1046,"GH13_44,GH77,9.B.28.1.3,3.A.1.1.45,3.A.1.1.45,LacI,3.A.1.1.45"
PUL1047,"GH13_44,GH77,9.B.28.1.3,3.A.1.1.45,3.A.1.1.45,LacI,3.A.1.1.45,GH13_30"
PUL1048,"GH13_46,GH97,1.B.14.6.1,8.A.46.1.1,null,null,GH13_10"
PUL1049,"GH13_46,GH97,1.B.14.6.1,8.A.46.1.1,null,null,GH13_36"
PUL1050,"GH13_7,null,8.A.46.1.6,1.B.14.6.1,LacI,2.A.2.6.3,null,GH65,GH13_46,GH13,null,null"
PUL1051,"GH31_14,GH31,GH66,null,8.A.46.1.5"
PUL1052,"GH31_14,GH31,GH66,null,8.A.46.1.5,1.B.14.6.1"
PUL1053,"GH31|CBM20,GH31|CBM35,0040266"
PUL1054,"GH31,GH66,null,8.A.46.1.5,1.B.14.6.1"
PUL1055,"GH32,2.A.1.5.3"
PUL1056,"GH32,2.A.1.5.3,LacI"
PUL1057,"GH32,4.A.1.2.12,GH32"
PUL1058,"GH32,4.A.1.2.12,GH32,LacI"
PUL1059,"GH32|CBM66,null,4.A.6.1.6,4.A.6.1.19,null,null,SBP_bac_1,GerE,HATPase_c,3.A.1.2.1"
PUL1060,"GH32,SBP_bac_1,3.A.1.1.10,3.A.1.1.10"
PUL1061,"GH32,SBP_bac_1,3.A.1.1.10,3.A.1.1.10,LacI"
PUL1062,"GH36,null,SBP_bac_1,3.A.1.1.28,3.A.1.1.28,GH36,null,null,GH13_31"
PUL1063,"GH4,4.A.1.1.16"
PUL1064,"GH4,GntR,4.A.1.1.16"
PUL1065,"GH65,GH97,GH31,GH66,null,8.A.46,1.B.14,null,null"
PUL1066,"GH97,GH13_19,GH13_38,GH31,CE1,GH13_46,GH65,null,2.A.2.6.3,LacI,1.B.14.6.1,8.A.46.1.1,null,null"
PUL1067,"GH97,GH13_19,GH13_38,GH31,null,GH13,GH65,null,2.A.2,LacI,1.B.14,8.A.46,null,null"
PUL1068,"GH97,GH13,GH13,null,1.B.14.6.1"
PUL1069,"GH97,GH13,GH13,null,null,1.B.14"
PUL1070,"GH97,GH13,GH13,null,null,1.B.14.6.1"
PUL1071,"GH97,GH13,GH13,null,TPR_2,1.B.14.6.1"
PUL1072,"GH97,GH13,null,8.A.46.1.3,1.B.14.6.1,FecR,GerE"
PUL1073,"GH97,GH31,GH66,null,8.A.46.1.5,1.B.14.6.1"
PUL1074,"GH97,GH31,GH66,null,null,1.B.14.6.1,null"
PUL1075,"GH97,GH31,null,8.A.46.1.5,1.B.14.6.1"
PUL1076,"GntR,GH4"
PUL1077,"GT35,GH77,3.A.1.1.26,3.A.1.1.26,3.A.1.1.26,LacI"
PUL1078,"GT35,GH77,3.A.1.1.26,3.A.1.1.26,3.A.1.1.26,null,LacI"
PUL1079,"GT35,GH77,LacI"
PUL1080,"GT35,GH77,LacI,3.A.1.1.27,3.A.1.1.27,3.A.1.1.27,3.A.1.1.27"
PUL1081,"GT35,GT5,null,CBM48|GH13_11,CBM48|GH13_9"
PUL1082,"GT35,GT5,null,CBM48|GH13_9"
PUL1083,"GT35,GT5,null,null,CBM48|GH13_9"
PUL1084,"GT5,null,null,CBM48|GH13_9"
PUL1085,"LacI,1.B.14.6.1,8.A.46.1.1,null,GH13_10"
PUL1086,"LacI,2.A.1.5.3,GH32"
PUL1087,"LacI,3.A.1.1.10,3.A.1.1.10,SBP_bac_1,GH32"
PUL1088,"LacI,3.A.1.1.10,3.A.1.1.29,null,GH32,PfkB"
PUL1089,"LacI,3.A.1.1.10,null,GH32"
PUL1090,"LacI,3.A.1.1.10,null,GH32,PfkB"
PUL1091,"LacI,3.A.1.1.29,null,GH32,PfkB"
PUL1092,"LacI,4.A.1.2.12,GH32,PfkB"
PUL1093,"LacI,GH13_18,2.A.1.2.93"
PUL1094,"LacI,GH13_2,2.A.2,null,GH97,1.B.14,null,8.A.9"
PUL1095,"LacI,GH13_31"
PUL1096,"LacI,GH13_45,3.A.1.1.2,3.A.1.1.2,3.A.1.1.2"
PUL1097,"LacI,GH32"
PUL1098,"LacI,GH32,4.A.1.2.12,GH32"
PUL1099,"LacI,GH32,PfkB,2.A.1.5.3"
PUL1100,"LacI,null,3.A.1.1.26,3.A.1.1.26,3.A.1.1.26,GH77,GT35"
PUL1101,"LacI,null,GH13_18"
PUL1102,"LacI,null,GH13_31,CBM34|GH13_20,GH65,null,3.A.1.1.20,3.A.1.1.27,3.A.1.1.27,3.A.1.1.27"
PUL1103,"null,3.A.1.1.26,3.A.1.1.26,3.A.1.1.26,CBM34|GH13_20"
PUL1104,"null,CBM34|GH13_39|CBM20,3.A.1.1.45,3.A.1.1.45,3.A.1.1.45,GH13_2|CBM20"
PUL1105,"null,GH13_46,GH97,1.B.14.6.1,8.A.46.1.1,null,null,GH13_36"
PUL1106,"null,GH65,CBM34|GH13_20,GH13_31,null,LacI,3.A.1.1.27,3.A.1.1.27,3.A.1.1.27,3.A.1.1.20"
PUL1107,"null,null,3.A.2.3.2,3.A.2.2.2,3.A.2.2.2,GH32,null,null"
PUL1108,"null,null,8.A.46.1.1,1.B.14.6.1,GH97,GH13_46"
PUL1109,"null,null,8.A.46.1.1,1.B.14.6.1,GH97,GH13_46,null"
PUL1110,"null,null,GH32,3.A.2.2.2,3.A.2.2.2,3.A.2.3.2,null,null"
PUL1111,"null,null,null,GH13_39,GT35,GT5,null,null,CBM48|GH13_9,Pyr_redox_2"
PUL1112,"null,null,null,GH13,GH13_36,GH65,null,2.A.2,LacI,1.B.14,null,null,GH13_7"
PUL1113,"null,null,null,GT35,GT5,null,CBM48|GH13_9,Pyr_redox_2"
PUL1114,"null,PadR,PfkB,GH32,4.A.1.2.12,LacI,MarR,null"
PUL1115,"null,PadR,PfkB,GH32,4.A.1.2.12,null,LacI,MarR,null"
PUL1116,"PfkB,GH32,4.A.1.2.12,LacI"
PUL1117,"PfkB,GH32,LacI,4.A.1.2.1"
PUL1118,"PfkB,GH32,null,3.A.1.1.10,LacI"
PUL1119,"PfkB,GH32,null,3.A.1.1.29,3.A.1.1.10,LacI"
PUL1120,"PfkB,GH36,GH13_31,LacI,GH32,GH13_18,3.A.1.1.45,3.A.1.1.45,null"
PUL1121,"PfkB,GH36,GH13_31,LacI,GH32,GH13_18,3.A.1.1.45,3.A.1.1.45,null,CBM86|CBM22|GH10|CBM9"
PUL1122,"Pyr_redox_2,CBM48|GH13_9,null,GT5,GT35,GH13_39,null,null,null"
PUL1123,"Pyr_redox_2,CBM48|GH13_9,null,null,GT5,GT35,GH13_39,null,null,3.A.1"
PUL1124,"Pyr_redox_2,CBM48|GH13_9,null,null,GT5,GT35,GH13_39,null,null,null"
PUL1125,"Pyr_redox_2,HTH_1,null,CBM82|CBM83|GH13_41"
PUL1126,"SBP_bac_1,3.A.1.1.27,3.A.1.1.27,GH13_36"
PUL1127,"SBP_bac_1,3.A.1,3.A.1,GH13_36"
PUL1128,"GH125,GH92,GH92,GH2,8.A.46.2.2,1.B.14.6.2,LacI"
PUL1129,"GH38,GH125,GntR,GH84,GH1,3.A.1.1.9,3.A.1.1.29"
PUL1130,"GH38,GH125,GntR,GH84,GH1,null,3.A.1.1.9,3.A.1.1.29"
PUL1131,"GH76,null,null,null,1.B.14.6.1,null,HTH_AraC,GH92,null,GH76,GH125,GH130_3,null,null,null,GT32,GT32"
PUL1132,"GH92,GH38|CBM32,GT32,GT32,null,null,null,GH130,GH125,GH76,null,GH92,HTH_AraC,null,1.B.14,null,null,null,GH76,null,null"
PUL1133,"GH92,GH38|CBM32,GT32,GT32,null,null,null,GH130,GH125,GH76,null,GH92,null,HTH_AraC,null,1.B.14,null,null,null,GH76"
PUL1134,"GH97,null,GH67,GH76,null,null,1.B.14,null,HTH_AraC,GH92,null,GH76,GH125"
PUL1135,"GH97,null,GH67,GH76,null,null,1.B.14,null,HTH_AraC,GH92,null,GH76,GH125,null,null,null,null,null,null,3.A.7,null,null,null,null,null,null"
PUL1136,"GH99,null,null,null,GH92,null,null,null,1.B.14.6.1,null"
PUL1137,"GH99,null,null,null,GH92,null,null,null,1.B.14.6.2,null"
PUL1138,"null,1.B.14.6.1,null,null,null,GH92,null,null,null"
PUL1139,"null,1.B.14.6.1,null,null,null,GH92,null,null,null,9.B.14.1.10,null"
PUL1140,"null,1.B.14.6.1,null,null,null,GH92,null,null,null,GH99"
PUL1141,"null,1.B.14.6.1,null,null,null,GH92,null,null,null,GH99,9.B.14.1.10,null"
PUL1142,"null,1.B.14,null,null,null,GH92,null,null,null,GH99"
PUL1143,"null,1.B.14,null,null,null,GH92,null,null,null,GH99,9.B.14,null,null"
PUL1144,"null,2.A.1.7.10,GH92,GH92,GH43_34,null,AA3,null,GH125,null,CBM32,8.A.46.1.1,1.B.14.6.1,GH92,null,GH92,null,null,null,null,null,null,GH92,GH76,LacI,null,null,null,null,GH2,null,GH92,2.A.1.7.16"
PUL1145,"null,2.A.1,GH92,GH92,GH43_34,null,null,null,GH125,null,CBM32,8.A.46,1.B.14,GH92,null,GH92,null,null,null,null,null,null,GH92,GH76,LacI,null,null,null,null,GH2,null,GH92,2.A.1"
PUL1146,"null,9.B.14.1.10,GH99,null,null,null,GH92,null,null,null,1.B.14.6.1,null"
PUL1147,"null,9.B.14.1.10,GH99,null,null,null,GH92,null,null,null,1.B.14.6.2,null"
PUL1148,"null,GH76,null,null,null,1.B.14.6.1,null,HTH_AraC,GH92,null,GH76,GH125,GH130_3,null,null,null,GT32,GT32"
PUL1149,"null,null,null,HTH_8,HisKA|HATPase_c|Response_reg,GH97,null,GH67,GH76,null,null,1.B.14,null,HTH_AraC,GH92,null,GH76,GH125,null"
PUL1150,"1.B.14.6.1,null,PL1_2,null,GH43_18,GH143|GH142,CBM67|GH78"
PUL1151,"1.B.14,null,PL1_2,null,GH43_18,GH143|GH142,CBM67|GH78"
PUL1152,"2.A.3.1.3,GH43_22|GH43_34,GH43_22|GH43_26,GH43_27,GH43_22,GH43_22,9.B.28.1.3"
PUL1153,"2.A.3,HTH_5,GH43_22,9.B.28"
PUL1154,"2.A.3,null,null,GH43_22|GH43_34,GH43_22|GH43_26,GH43_27,GH43_22,GH43_22,9.B.28"
PUL1155,"3.A.1.135.6,3.A.1.135.6,MarR,null,GH43_24,GH30_5,0045030,2.A.3.1.20,null,3.A.1.122.8,HTH_11,2.A.3.1.3,GH146,null,GH43_22|GH43_34,GH43_22|GH43_26,GH43_27,GH43_22,GH43_22,9.B.28.1.3,3.A.1.1.45,3.A.1.1.45,LacI,3.A.1.1.45"
PUL1156,"3.A.1,3.A.1,MarR,null,GH43_24,GH30_5,0045030,2.A.3,null,3.A.1,HTH_11,2.A.3,GH146,null,GH43_22|GH43_34,GH43_22|GH43_26,GH43_27,GH43_22,GH43_22,9.B.28,3.A.1,3.A.1,LacI,3.A.1"
PUL1157,"3.A.1,8.A.59,HTH_AraC|HTH_AraC,3.A.1,null,null,3.A.1,3.A.1,GntR,null,null,null,null,GH43_5,SBP_bac_1,3.A.1,3.A.1,GH43_4,GH51,GH51,null,null,null,null,GH127,8.A.59,HTH_AraC|HTH_AraC,SBP_bac_1,3.A.1,3.A.1,null,CE4,GH52,GH10,null,3.A.1,3.A.1,GH67,GH39,PfkB,null,GntR,null,null,null,9.B.28,null,null,AAA,null,null,null,GH43_11,null,null,null"
PUL1158,"GH127,GH43_34,null,GH154,HTH_AraC,null,1.B.14,null,null,GH16|GH43_24,null,GH43_24,GH145,GH105"
PUL1159,"GH146,1.B.14,null,null,GH43_29,GH121,1.B.14,null,null"
PUL1160,"GH16_3,CBM32,null,1.B.14.6.1,null,1.B.14.6.1,HTH_AraC"
PUL1161,"GH43_24|GH16_3,GH16_3,CBM32,null,1.B.14.6.1,null,1.B.14.6.1,HTH_AraC"
PUL1162,"GH43_24|GH16_3,GH16_3,CBM32,null,1.B.14.6.1,null,1.B.14.6.1,null,HTH_AraC"
PUL1163,"GH43_24|GH16,GH16,null,null,1.B.14,null,1.B.14,null,HTH_AraC"
PUL1164,"GH43_24,null,HTH_AraC|HTH_AraC,null,null,null,null,1.B.14.6.1,null,null,null,null,null,null,null,null,null,null,1.A.30.2.9,null,null,null,GH35,null"
PUL1165,"GH43_29,GH51_2,GH43_4,HTH_AraC|HTH_AraC,null,1.B.14.6.1,null,1.B.14.6.1,null,GH43_4"
PUL1166,"GH43_4,null,1.B.14.6.1,null,1.B.14.6.1,null,HTH_AraC|HTH_AraC,GH43_4,GH51_2,GH43_29"
PUL1167,"GH43_4,null,1.B.14,null,1.B.14,null,HTH_AraC|HTH_AraC,GH43_4,GH51,GH43_29"
PUL1168,"GH51_1,3.A.1.1.34,3.A.1.1.34,3.A.1.1.34,null,null,null"
PUL1169,"GH51_1,3.A.1.1.34,3.A.1.1.34,3.A.1.1.34,null,null,null,null,null"
PUL1170,"GH51_2,GH30_4,CBM32,null,1.B.14.6.1,GH2,CBM13,HTH_AraC|HTH_AraC"
PUL1171,"GH51,3.A.1,3.A.1,3.A.1,null,null,null,null,null"
PUL1172,"GH51,GH146,null,null,null,null,NUDIX,2.A.21,null,null,null,null,GH43_4,null,1.B.14,null,1.B.14,null,HTH_AraC|HTH_AraC,GH43_4,GH51,GH43_29"
PUL1173,"HTH_AraC,GH49,GH2,null,GH27,GH43,null,GH36,GH49,GH43,null,null,null,GH2,null,1.B.14.6.1"
PUL1174,"LacI,SBP_bac_1,3.A.1,3.A.1,GH36,-,null"
PUL1175,"null,1.B.14.6.1,Mga|HTH_AraC,GH43_24,GH43_17,GH105|GH154,PL42"
PUL1176,"null,GH35,null,null,null,1.A.30.2.9,null,null,null,null,null,null,null,null,null,null,1.B.14.6.1,null,null,null,null,HTH_AraC|HTH_AraC,null,GH43_24"
PUL1177,"null,GH35,null,null,null,null,1.A.30.2.9,null,null,null,null,null,null,null,null,null,null,null,1.B.14.6.1,null,null,null,null,HTH_AraC|HTH_AraC,null,GH43_24,GH43_24,PL27,PL27"
PUL1178,"null,GH51_2,GH43_4,HTH_AraC|HTH_AraC,1.B.14.6.1,null,null,GH43_4,null,2.A.21.3.19,NUDIX,null,null,null,GH146,GH51_1,null"
PUL1179,"null,null,GH43_4,null,null,GntR,null,GH2,null,GH43_4,GH127,GH51,null,3.A.1,3.A.1,3.A.1,null,GH43_26,GH51,null,GH27,3.A.1,HTH_8,null"
PUL1180,"null,null,null,3.A.1.1.34,3.A.1.1.34,3.A.1.1.34,GH51_1"
PUL1181,"null,null,null,GH51_1,LacI,null,3.A.1.2.24,MarR,MarR,3.A.1.2.22,3.A.1.2.22,3.A.1.2.22"
PUL1182,"null,null,null,null,null,3.A.1.1.34,3.A.1.1.34,3.A.1.1.34,GH51_1"
PUL1183,"null,PL27,GH43_24,GH43_24,null,HTH_AraC|HTH_AraC,null,null,null,null,1.B.14,null,null,null,null,null,null,null,null,null,null,null,null,1.A.30,null,null,null,null,GH35,null"
PUL1184,"PL42,GH105|GH154,GH43_17,GH43_24,Mga|HTH_AraC,1.B.14.6.1,null"
PUL1185,"SBP_bac_3,3.A.1,3.A.1,GH43_4,GH127,GH51,GH27,GH51,3.A.1,3.A.1,3.A.1,GH146"
PUL1186,"1.B.14.12.1,GH1,2.A.2.3.2,LacI"
PUL1187,"1.B.14.12.1,GH1,2.A.2.3.5,LacI"
PUL1188,"1.B.14.6.1,null,null,GH16_3,null,GH3"
PUL1189,"1.B.14.6.1,null,null,GH43_12|CBM91,GH5_4,HTH_AraC|HTH_AraC,GH31_4,GH2,GH3,GH95"
PUL1190,"1.B.14.6.1,null,null,null,null,GH5_4,HTH_AraC|HTH_AraC,GH31_4,GH2,GH3"
PUL1191,"1.B.14,8.A.46,null,null,GH43_12,null,GH5_4,HTH_AraC|HTH_AraC,GH31,GH2,GH3,null,GH95"
PUL1192,"1.B.14,GH1,2.A.2,LacI|Peripla_BP_3"
PUL1193,"1.B.14,null,null,null,null,null,GH5_4,Reg_prop|Reg_prop|Reg_prop|Reg_prop|Reg_prop|Reg_prop,HTH_AraC|HTH_AraC,GH31,GH2,GH3"
PUL1194,"1.B.55.3.1,GH8,4.D.3.1.6"
PUL1195,"1.B.55.3.1,GH8,4.D.3.1.6,GT2"
PUL1196,"2.A.1.1.3,LacI,GH1,2.A.1.7.10,GH3,1.B.14.12.2,GH16_3"
PUL1197,"2.A.1.1.3,LacI,GH1,2.A.1.7.10,GH3,2.A.35.1.1,1.B.14.12.2,GH16_3"
PUL1198,"2.A.2.5.1,GH30_1,GH17,GH3,GH149,GH16_3,null,null,null,8.A.46.3.2,1.B.14.6.1"
PUL1199,"3.A.1,null,null,LacI,GH16,GH3,GH18,1.E.19,null,null,null,null,null,HTH_5,3.A.3,9.B.105,null,null,null,null"
PUL1200,"4.A.1.2.2,GH1"
PUL1201,"4.A.3.2.2,4.A.3.2.6,GH1,Glucokinase,4.A.3.2.7,LacI"
PUL1202,"4.A.3.2.4,4.A.3.2.4,HTH_6,4.A.3.2.2,GH1"
PUL1203,"4.A.3.2.8,4.A.3.2.6,GH1,Glucokinase,4.A.3.2.7,LacI"
PUL1204,"9.B.33,HTH_AraC|HTH_AraC,GH43_16|CBM6,GH10|CBM6,GH43_29|CBM6,CE1|CBM6,GH43_10|CBM6,GH62|CBM6,GH43_29|CBM6,GH146|CBM22,GH27|CBM6,GH59|CBM6,GH2|CBM6,GH62|CBM6|CE6,GH95|CBM32|CBM6,GH30_8|CBM6"
PUL1205,"CBM3|cohesin|cohesin|cohesin|cohesin|cohesin|cohesin,GH48,GH8,GH9|CBM3,CBM4|GH9,null,GH9,GH9|CBM3,GH5_17,GH9,GH5_7,GH5_1"
PUL1206,"CBM4,null,null,1.B.14.6.1,null,1.B.14.6.1"
PUL1207,"CBM4,null,null,1.B.14,null,1.B.14"
PUL1208,"GerE,1.B.14.6.1,null,Y_Y_Y,GH16_3,GH158,GH3"
PUL1209,"GerE,1.B.14,8.A.46,null,GH16,GH16"
PUL1210,"GerE,1.B.14,8.A.46,null,GH16,GH3,GH16"
PUL1211,"GH10|CBM6,GH43_29|CBM6,CE1|CBM6,GH43_10|CBM6,GH62|CBM6,GH43_29|CBM6,GH27|CBM6,GH59|CBM6,GH62|CBM6|CE6,GH95|CBM32,CE1|CBM6,GH30_8|CBM6"
PUL1212,"GH1,1.B.3.1.3,4.A.3.2.9,4.A.3.2.7,4.A.3.2.9,GntR"
PUL1213,"GH1,4.A.1.2.2"
PUL1214,"GH1,4.A.1.2.2,null"
PUL1215,"GH16,1.B.14,8.A.46,null,GH3"
PUL1216,"GH16,1.B.14,9.B.34,2.A.35,GH3,2.A.1,8.A.49,LacI,2.A.1"
PUL1217,"GH16_21,null"
PUL1218,"GH16_3,1.B.14.12.2,9.B.34.1.3,2.A.35.1.1,GH3,2.A.1.7.2,GH1,LacI,2.A.1.1.3"
PUL1219,"GH16_3,1.B.14.12.2,GH3,2.A.1.7.10,GH1,LacI,2.A.1.1.3"
PUL1220,"GH16_3,1.B.14.6.2,8.A.46.2.1,null,GH3"
PUL1221,"GH26|GH5_4,null,null,null,null,1.B.14.6.1,HTH_AraC|HTH_AraC,null,2.A.2.3.4,GH130_1,GH26,CE7,CE20,GH36,GH3,GH5_7"
PUL1222,"GH26,GH9,GH9"
PUL1223,"GH2|CBM57,null,1.B.14.6.1,null,GH30_3"
PUL1224,"GH2,GH5_4,null,8.A.46.1.4,1.B.14.6.1,GH31_4,HTH_AraC|HTH_AraC,GH95,null,GH3,GH43_12|CBM91"
PUL1225,"GH2,GH5_4,null,8.A.46,1.B.14,GH31,HTH_AraC,GH95,null,GH3,GH43_12"
PUL1226,"GH30_1,GH42,2.A.1.2.93,0043143"
PUL1227,"GH30_3,null,1.B.14.6.1,null,GH2|CBM57,PL38|GH88"
PUL1228,"GH31_3,GH5_4,GH26,null,null,null,null,1.B.14.6.1"
PUL1229,"GH31,GH35,1.B.14,GH95"
PUL1230,"GH35,null,GH105,null,GH3,GH5_4,null,1.B.14.6.1,null"
PUL1231,"GH35,null,GH105,null,null,null,1.B.14,null"
PUL1232,"GH36,GH36,HTH_AraC|HTH_AraC,GH5_4,1.B.14.6.2,null,null"
PUL1233,"GH36,HTH_AraC|HTH_AraC,GH5_4,1.B.14.6.2,null,null"
PUL1234,"GH3,GH158,GH16_3,Y_Y_Y,null,1.B.14.6.1,GerE"
PUL1235,"GH3,GH158,null,null,1.B.14.6.1,GerE"
PUL1236,"GH3,GH158,null,null,1.B.14,GerE"
PUL1237,"GH3,GH2,GH31,HTH_AraC|HTH_AraC,null,GH9,null,null,1.B.14,GH5_4,GH43_12,null,GH43_12,null,null,GH3"
PUL1238,"GH3,GH30_3,null,1.B.14.6.1,HTH_7"
PUL1239,"GH3,GH3,null,1.B.14,null,GH157,HTH_AraC"
PUL1240,"GH3,GH43_12|CBM91,GH43_12|CBM91,GH5_4,1.B.14.6.1,null,null,GH9,HTH_AraC|HTH_AraC,GH31_4,GH2,GH3,9.B.174.1.1,null,HATPase_c,null"
PUL1241,"GH3,GH43_12|CBM91,GH5_4,1.B.14.6.1,null,null,GH9,HTH_AraC|HTH_AraC,GH31_4,GH2,GH3,9.B.174.1.1,null,HATPase_c,null"
PUL1242,"GH3,HTH_AraC,GH16,1.B.14,8.A.46,null,GH3"
PUL1243,"GH3,HTH_AraC|HTH_AraC,GH16_3,1.B.14.6.2,8.A.46.2.1,null,GH3"
PUL1244,"GH3,null,8.A.46.2.1,1.B.14.6.2,GH16_3"
PUL1245,"GH3,null,8.A.46.2.1,1.B.14.6.2,GH16_3,HTH_AraC|HTH_AraC"
PUL1246,"GH3,null,8.A.46.2.1,1.B.14.6.2,GH16_3,HTH_AraC|HTH_AraC,GH3"
PUL1247,"GH3,null,GH30_3,null,1.B.14.6.1,HTH_7"
PUL1248,"GH3,Y_Y_Y,GH30_3,null,1.B.14.6.1,HTH_7"
PUL1249,"GH48,GH8,GH9|CBM3,CBM4|GH9"
PUL1250,"GH48,GH8,GH9|CBM3,CBM4|GH9,null,GH9,GH9|CBM3,GH5_17,GH9,null,PL11,GH5_1"
PUL1251,"GH5_4,CBM4,null,null,1.B.14.6.1,null,1.B.14.6.1,HTH_AraC|HTH_AraC"
PUL1252,"GH5_4,CBM4,null,null,1.B.14,null,1.B.14,HTH_AraC|HTH_AraC|HTH_AraC"
PUL1253,"GH5_4,null"
PUL1254,"GH5_7,GH26,null,null,8.A.46,1.B.14"
PUL1255,"GH8,4.D.3.1.6,GT2"
PUL1256,"GH94,GH3"
PUL1257,"GH95,GH3,GH2,GH31_4,HTH_AraC|HTH_AraC,GH5_4,GH43_12|CBM91,null,null,8.A.46.1.2,1.B.14.6.1"
PUL1258,"GH9|CBM3|CBM3,GH9|CBM3"
PUL1259,"GH9,GH9|CBM3,GH5_17,GH9,PL11,GH5_1"
PUL1260,"GntR,4.A.3.2.9,4.A.3.2.7,4.A.3.2.9,1.B.3.1.3,GH1"
PUL1261,"GT2,4.D.3.1.6,GH8,1.B.55.3.1"
PUL1262,"GT2,4.D.3,GH8,1.B.55"
PUL1263,"GT2,GT4,null,null"
PUL1264,"HTH_11|Mga,4.A.3.2.2,4.A.3.2.2,GH4,null"
PUL1265,"HTH_7,1.B.14.6.1,null,GH30_3,GH3"
PUL1266,"HTH_7,1.B.14.6.1,null,GH30_3,null,GH3"
PUL1267,"HTH_7,1.B.14.6.1,null,GH30_3,Y_Y_Y,GH3"
PUL1268,"HTH_AraC,GH157,null,1.B.14.6.1,null,GH3,GH3"
PUL1269,"HTH_AraC,GH16,1.B.14,8.A.46,null,GH3"
PUL1270,"HTH_AraC|HTH_AraC,8.A.59,3.A.1,3.A.1,CBM54|GH16|CBM4|CBM4|CBM6|CBM4|CBM4,GH16,3.A.1"
PUL1271,"HTH_AraC|HTH_AraC,GH16_3,1.B.14.6.2,8.A.46.2.1,null,GH3"
PUL1272,"HTH_AraC|HTH_AraC,GH5_38,null,null,GH94,2.A.2,1.B.14,8.A.46,null,null,null,GH36"
PUL1273,"LacI,2.A.2.3.5,GH1,1.B.14.12.1"
PUL1274,"LacI,3.A.1.1.23,3.A.1.1.23,3.A.1.1.23,GH1"
PUL1275,"LacI,4.A.3.2.7,Glucokinase,GH1,4.A.3.2.6,4.A.3.2.8"
PUL1276,"LacI,GH1,3.A.1.1.23,3.A.1.1.23,3.A.1.1.23"
PUL1277,"LacI|Peripla_BP_3,3.A.1,3.A.1,3.A.1,GH1"
PUL1278,"null,1.B.14.6.1,null,GH2|CBM57,PL38|GH88"
PUL1279,"null,1.B.14.6.2,GH5_4,HTH_AraC|HTH_AraC,GH36,GH36"
PUL1280,"null,1.B.14,null,GH30_3,null,GH3"
PUL1281,"null,1.B.14,null,null,GH43_12,GH5_4,null,HTH_AraC|HTH_AraC,GH31,GH2,GH3,null,GH95"
PUL1282,"null,4.A.1.2.2,GH1"
PUL1283,"null,9.B.154.1.2,null,null,null,Peptidase_M23,null,GH73,null,null,null"
PUL1284,"null,9.B.154.1.2,null,null,null,Peptidase_M23,null,null,GH73,null"
PUL1285,"null,9.B.154.1.2,null,null,null,Peptidase_M23,null,null,GH73,null,null"
PUL1286,"null,9.B.154.1.2,null,null,null,Peptidase_M23,null,null,GH73,null,null,null"
PUL1287,"null,Aminotran_1_2,GH9,1.B.14.6.1,null,null,null,GH26,GH5_4,GH31_3"
PUL1288,"null,GH1"
PUL1289,"null,GH16"
PUL1290,"null,GH16_21"
PUL1291,"null,GH26|GH5_4,GH5_7,null,null,null,null,1.B.14,HTH_AraC|HTH_AraC,null,2.A.2,GH130,GH26,CE7,null,GH36,GH3,null"
PUL1292,"null,GH30_1,GH17,GH3,GH149,GH16,null,null,null,8.A.46,1.B.14"
PUL1293,"null,GH30,GH9,HTH_AraC|HTH_AraC,GH31_3,1.B.14.6.1,null,GH9,null,3.A.1.15.15,null,null,9.B.27.3.1,null,null,null,null,null,PALP,null,null"
PUL1294,"null,GH31,GH5_4,GH26,null,null,null,null,1.B.14"
PUL1295,"null,GH31,GH9,GH26,null,null,null,1.B.14,null,null,null"
PUL1296,"null,GH4,4.A.3.2.2,4.A.3.2.2,HTH_11|Mga"
PUL1297,"null,HATPase_c,null,9.B.174.1.1,GH3,GH2,GH31_4,HTH_AraC|HTH_AraC,GH9,null,null,1.B.14.6.1,GH5_4,GH43_12|CBM91,GH43_12|CBM91,GH3"
PUL1298,"null,HATPase_c,null,9.B.174,GH3,GH2,GH31,HTH_AraC|HTH_AraC,GH9,null,null,1.B.14,GH5_4,GH43_12,GH43_12,GH3"
PUL1299,"null,null,1.B.14.6.2,GH5_4,HTH_AraC|HTH_AraC,GH36,GH36"
PUL1300,"null,null,1.B.14,GH5_4,HTH_AraC|HTH_AraC,GH36,null"
PUL1301,"null,null,GH73,null,null,Peptidase_M23,null,null,null,9.B.154.1.2,null"
PUL1302,"null,null,null,GerE,HATPase_c,null,CE4,null,ATPase_2,CE20,GH9,null,GH30,GH9,HTH_AraC|HTH_AraC,GH31_3,1.B.14.6.1,null,GH9"
PUL1303,"null,null,null,GH73,null,null,null,null,null,9.B.154.1.2,null"
PUL1304,"null,null,null,GH73,null,null,null,Peptidase_M23,null,null,null,9.B.154.1.2,null"
PUL1305,"null,null,null,GH73,null,null,null,Peptidase_M23,null,null,null,9.B.154,null"
PUL1306,"null,null,null,GT4,GT2"
PUL1307,"null,null,PALP,null,null,null,null,null,9.B.27.3.1,null,null,3.A.1.15.15,null,GH9,null,null,1.B.14.6.1,GH31_3"
PUL1308,"PL38|GH88,GH2|CBM57,null,1.B.14.6.1,null,GH30_3"
PUL1309,"2.A.2.2.3,GH2,LacI"
PUL1310,"2.A.2,GH2,LacI"
PUL1311,"2.A.2,GH2,LacI,HTH_AraC|HTH_AraC|HTH_AraC"
PUL1312,"2.A.38.1.1,TrkA_C|TrkA_C,null,null,null,null,null,GH29,null,null,1.B.14.6.1,HTH_AraC|HTH_AraC,2.A.1.14.25,GH29,null"
PUL1313,"2.A.38.1.1,TrkA_C|TrkA_C,null,null,null,null,null,GH29,null,null,1.B.14.6.1,HTH_AraC|HTH_AraC,2.A.1.14.25,GH29,null,null,2.A.64.2.1"
PUL1314,"2.A.38.1.1,TrkA_C|TrkA_C,null,null,null,null,null,GH36,GH29,null,null,1.B.14.6.1,HTH_AraC|HTH_AraC,2.A.1.14.25,GH29,null,null,9.B.97.3.1,2.A.64.2.1"
PUL1315,"2.A.38,TrkA_C|TrkA_C,null,null,null,null,null,GH36,GH29,null,null,1.B.14,HTH_AraC|HTH_AraC,2.A.1,GH29,null,null,9.B.97,2.A.64"
PUL1316,"2.A.64.2.1,9.B.97.3.1,null,null,GH29,2.A.1.14.25,HTH_AraC|HTH_AraC,1.B.14.6.1,null,null,GH29,GH36,null,null,null,null,null,TrkA_C|TrkA_C,2.A.38.1.1"
PUL1317,"3.A.1.1.48,3.A.1.1.48,GH42"
PUL1318,"3.A.1,3.A.1,3.A.1,GH42,LacI,GH53|CBM61"
PUL1319,"3.A.3.2.21,GH2,9.B.36.1.3,LacI,SBP_bac_1,3.A.1.1.18,3.A.1.1.39,GH172"
PUL1320,"3.A.3,GH2,9.B.36,LacI,SBP_bac_1,3.A.1,3.A.1,null"
PUL1321,"4.A.3.2.4,4.A.3.2.8,GH1"
PUL1322,"4.A.3.2.6,4.A.3.2.2,4.A.3.2.8,GH1,GntR,null,null,GH26"
PUL1323,"4.A.3.2.6,4.A.3.2.8,4.A.3.2.8,GH1,GntR,null,null,GH26"
PUL1324,"4.A.3,4.A.3,4.A.3,8.A.49,GntR,null,null,GH26"
PUL1325,"4.A.3,4.A.3,GH1"
PUL1326,"CBM27|GH26|CBM23,GH3,GH3"
PUL1327,"CE17|CBM35,GH113,CE2,LacI,SBP_bac_1,3.A.1.1.46,3.A.1.1.34,GH130_2,null,GH130_1,9.B.28.1.2,null,null"
PUL1328,"CE17|CBM35,GH113,CE2,LacI,SBP_bac_1,3.A.1.1.46,3.A.1.1.47,GH130_2,null,GH130_1,9.B.28.1.2,GH36,null,null"
PUL1329,"CE2,CE20,GH3,GH5_7,GH26,null,GH130_1,2.A.21.3.8,GH26,HTH_AraC|HTH_AraC,GH5_2,1.B.14.6.1,null,CBM8,GH27,null,null,GH26,null"
PUL1330,"CE2,null,GH3,GH5_7,GH26,null,GH130,2.A.21,GH26,HTH_AraC|HTH_AraC,GH5_2,1.B.14,8.A.46,null,GH27,null,GH9,GH26,null"
PUL1331,"GH130_1,GH26,null,8.A.46.1.6,1.B.14.6.1,CE7,GH5_7,HTH_AraC|HTH_AraC"
PUL1332,"GH130,LacI,GH130,SBP_bac_1,null,GH27,3.A.1,3.A.1,null,null,CE7,null"
PUL1333,"GH130,null,GH5_7,GH27"
PUL1334,"GH13_31,LacI,GH32,4.A.1.2.12,null"
PUL1335,"GH1,4.A.3.2.8,4.A.3.2.4"
PUL1336,"GH1,8.A.49,null,null,CE2,GH130,GH130,null,3.A.1,3.A.1,SBP_bac_1,LacI,GH36,null,GH113"
PUL1337,"GH26,GH130_1,2.A.2.3.6,null"
PUL1338,"GH26,GH130,2.A.2,null"
PUL1339,"GH26,GH173,GH173,null,8.A.46.1.4,1.B.14.6.1,GH130_5,2.A.21.3.19,HTH_AraC|HTH_AraC"
PUL1340,"GH26,null,8.A.46.1.6,1.B.14.6.1,CE7,GH5_7,HTH_AraC|HTH_AraC"
PUL1341,"GH26,null,null,GntR,GH1,4.A.3.2.8,4.A.3.2.8,4.A.3.2.6"
PUL1342,"GH30,GH9,null,GH27,null,null,8.A.46.3.2,1.B.14.6.1,GH5_2,HTH_AraC|HTH_AraC,GH26,2.A.21.3.8,GH130_1,null,GH26,CE20"
PUL1343,"GH3,GH3"
PUL1344,"GH3,GH3,CBM27|GH26|CBM23"
PUL1345,"GH3,HTH_AraC|HTH_AraC,CE7,GH5_7,GH5_2,1.B.14.6.1,null,null,GH26,GH130_1,2.A.2.3.6,null,null"
PUL1346,"GH3,HTH_AraC|HTH_AraC,CE7,GH5_7,GH5_2,1.B.14.6.1,null,null,null,GH26|GH26,GH26,GH130_1,2.A.2.3.5"
PUL1347,"GH3,HTH_AraC|HTH_AraC,CE7,GH5_7,GH5_2,1.B.14.6.1,null,null,null,GH26|GH26,GH26,GH130_1,2.A.2.3.5,null,null"
PUL1348,"GH42,3.A.1.1.48,3.A.1.1.48"
PUL1349,"GH42,3.A.1,3.A.1"
PUL1350,"GH5_2,GH27,null,null,8.A.46,1.B.14,HTH_AraC,GH26,2.A.2,GH130,null,GH26,GH5_7,GH97"
PUL1351,"GH5_4,GH26,GH5_4,null,null,null,1.B.14,CE7,GH26,GH130,2.A.2,null"
PUL1352,"GH65,null,GH13,null,8.A.46,1.B.14,LacI,CBM32|CBM32"
PUL1353,"HTH_AraC|HTH_AraC,1.B.14.6.1,null,GH26,GH26,GH36,GH130_1,2.A.2.3.6,null"
PUL1354,"HTH_AraC|HTH_AraC,1.B.14.6.1,null,GH26,GH26,GH36,GH130_1,2.A.2.3.6,null,null,null"
PUL1355,"HTH_AraC|HTH_AraC,1.B.14.6.1,null,null,GH26,GH26,GH36,GH130_1,2.A.2.3.6,null"
PUL1356,"HTH_AraC|HTH_AraC,1.B.14.6.1,null,null,GH26,GH26,GH36,GH130_1,2.A.2.3.6,null,null"
PUL1357,"HTH_AraC|HTH_AraC,null,null,1.B.14.6.1,8.A.46.1.6,null,null,GH26,GH26,GH130_1,2.A.2.3.6,CE7,null,null"
PUL1358,"LacI,GH2,2.A.2.2.3"
PUL1359,"LacI,GH42,GH35,3.A.1.1.39,3.A.1.1.20,SBP_bac_1,null,null"
PUL1360,"LacI,GH42,GH35,3.A.1,3.A.1,SBP_bac_1,null,null,3.A.1"
PUL1361,"null,2.A.2.3.6,GH130_1,GH26"
PUL1362,"null,4.A.1.2.12,GH32,LacI,GH13_31"
PUL1363,"null,4.A.1,GH32,LacI,GH13_31"
PUL1364,"null,GH51,null,null,1.B.14,HTH_AraC|HTH_AraC"
PUL1365,"null,GH9,null,GH27,null,null,8.A.46,1.B.14,GH5_2,HTH_AraC|HTH_AraC,GH26,2.A.21,GH130,null,GH26,null,null"
PUL1366,"null,LacI,3.A.1.1.48,3.A.1.1.48,GH42"
PUL1367,"null,LacI,3.A.1.1.48,3.A.1.1.48,GH42,3.A.1.1.34"
PUL1368,"null,LacI,3.A.1,3.A.1,GH42,3.A.1"
PUL1369,"null,null,2.A.2,GH130,GH36,GH26,GH26,null,null,1.B.14,HTH_AraC|HTH_AraC,null"
PUL1370,"null,null,CE7,2.A.2.3.6,GH130_1,GH26,GH26,null,null,null,1.B.14.6.1,null,null,HTH_AraC|HTH_AraC"
PUL1371,"null,null,CE7,2.A.2,GH130,GH26,GH26,null,null,null,1.B.14,null,null,HTH_AraC|HTH_AraC,null"
PUL1372,"null,null,GH130,GH130,null,3.A.1,3.A.1,SBP_bac_1,HTH_AraC|HTH_AraC,8.A.59,null,GH2"
PUL1373,"null,null,GH36,9.B.28.1.2,GH130_1,null,GH130_2,3.A.1.1.34,3.A.1.1.46,SBP_bac_1,LacI"
PUL1374,"null,null,null,null,2.A.2,GH130,GH36,GH26,GH26,null,null,1.B.14,HTH_AraC|HTH_AraC,null"
PUL1375,"SBP_bac_1,3.A.1.1.48,3.A.1.1.48,GH42,LacI"
PUL1376,"SBP_bac_1,3.A.1.1.48,3.A.1.1.48,GH42,LacI,GH53|CBM61"
PUL1377,"1.B.25.1.13,null,GH20"
PUL1378,"1.B.25,null,GH20"
PUL1379,"1.E.2.1.11,1.E.2.1.11,GH18,HTH_1,AA10"
PUL1380,"3.A.1,3.A.1,3.A.1,GH3"
PUL1381,"3.A.1,null,PIG-L,null,GH3,3.A.1,3.A.1,SBP_bac_1,null,HTH_5,null,null,null,CBM5,GH18,CBM5|GH18"
PUL1382,"4.A.3.2.1,4.A.3.2.1,4.A.3.2.1,HTH_AraC|HTH_AraC,GH4"
PUL1383,"4.A.3.2.1,4.A.3.2.1,4.A.3.2.1,HTH_AraC|HTH_AraC,GH4,null"
PUL1384,"4.A.3.2.1,4.A.3.2.1,4.A.3.2.7,HTH_AraC|HTH_AraC,GH4"
PUL1385,"4.A.3.2.1,4.A.3.2.1,4.A.3.2.7,null,null,null,GH4"
PUL1386,"4.A.3.2.5,4.A.3.2.5,GH1,HTH_AraC|HTH_AraC"
PUL1387,"4.A.3.2.5,4.A.3.2.5,GH1,HTH_AraC|HTH_AraC,null"
PUL1388,"4.A.3.2.7,4.A.3.2.1,4.A.3.2.1,HTH_AraC|HTH_AraC,GH4"
PUL1389,"4.A.3.2.7,4.A.3.2.1,4.A.3.2.1,HTH_AraC|HTH_AraC,GH4,null"
PUL1390,"4.A.3.2.7,4.A.3.2.7,4.A.3.2.7,HTH_AraC|HTH_AraC,GH4"
PUL1391,"AA10,HTH_1,GH18,1.E.2.1.11,1.E.2.1.11"
PUL1392,"CE4,4.A.3.2.6,4.A.3.2.6,4.A.3.2.6,GH4"
PUL1393,"CE4,4.A.3.2.6,4.A.3.2.6,4.A.3.2.6,GH4,null"
PUL1394,"CE4,4.A.3,4.A.3,4.A.3,GH4,null"
PUL1395,"CE4|CBM12|CBM12,4.A.3.2.6,4.A.3.2.6,4.A.3.2.6,GH4"
PUL1396,"GH18,AA10|CBM5|CBM5,GH18|CBM5|CBM5"
PUL1397,"GH18,AA10|CBM5,GH18|CBM5"
PUL1398,"GH18|CBM5,AA10|CBM5,GH18"
PUL1399,"GH18|CBM5,GH18"
PUL1400,"GH18|GH18,GH20,PIG-L,8.A.46,1.B.14,GH18,8.A.46,1.B.14,null,LytTR,2.A.1"
PUL1401,"GH18|GH18,GH20,PIG-L,8.A.46,1.B.14,GH18,8.A.46,1.B.14,null,LytTR|LytTR"
PUL1402,"GH20,null,1.B.25.1.13"
PUL1403,"GH35,SIS|SIS,3.A.1,3.A.1,3.A.1,3.A.1,3.A.1,GH1,null,null,PIG-L,GH18"
PUL1404,"GH4,4.A.3.2.1,4.A.3.2.7,4.A.3.2.7,null,null"
PUL1405,"GH4,4.A.3.2.6,4.A.3.2.6,4.A.3.2.6,CE4"
PUL1406,"GH4,4.A.3.2.6,4.A.3.2.6,4.A.3.2.6,CE4|CBM12|CBM12"
PUL1407,"GH4,4.A.3.2.7,4.A.3.2.7,4.A.3.2.7,null,null"
PUL1408,"GH4,HTH_AraC|HTH_AraC,4.A.3.2.1,4.A.3.2.1,4.A.3.2.1"
PUL1409,"GH4,HTH_AraC|HTH_AraC,4.A.3.2.1,4.A.3.2.1,4.A.3.2.1,null,null"
PUL1410,"GH4,HTH_AraC|HTH_AraC,4.A.3.2.1,4.A.3.2.1,4.A.3.2.7"
PUL1411,"GH4,HTH_AraC|HTH_AraC,4.A.3.2.1,4.A.3.2.1,null,null"
PUL1412,"GH4,HTH_AraC|HTH_AraC,4.A.3.2.7,4.A.3.2.1,4.A.3.2.1"
PUL1413,"GH4,HTH_AraC|HTH_AraC,4.A.3.2.7,4.A.3.2.1,4.A.3.2.1,null,null"
PUL1414,"GH4,HTH_AraC|HTH_AraC,4.A.3.2.7,4.A.3.2.7,4.A.3.2.7"
PUL1415,"GH4,HTH_AraC|HTH_AraC,4.A.3.2.7,4.A.3.2.7,4.A.3.2.7,null,null"
PUL1416,"GH4,HTH_AraC|HTH_AraC,4.A.3.2.7,4.A.3.2.7,null,null"
PUL1417,"HisKA|HATPase_c|Response_reg|PAS,3.A.1.5.7,3.A.1.5.16,3.A.1.5.14,3.A.1.5.15,3.A.1.5.8,GH9,null,GH20,GH94,null"
PUL1418,"null,1.E.2,1.E.2,GH18,HTH_1,AA10"
PUL1419,"null,GH4,HTH_AraC|HTH_AraC,4.A.3.2.1,4.A.3.2.1"
PUL1420,"null,GH4,HTH_AraC|HTH_AraC,4.A.3.2.1,4.A.3.2.1,4.A.3.2.1"
PUL1421,"null,GH4,HTH_AraC|HTH_AraC,4.A.3.2.1,4.A.3.2.1,4.A.3.2.1,null,null"
PUL1422,"null,GH4,HTH_AraC|HTH_AraC,4.A.3.2.1,4.A.3.2.1,4.A.3.2.7"
PUL1423,"null,GH4,HTH_AraC|HTH_AraC,4.A.3.2.1,4.A.3.2.1,4.A.3.2.7,null,null"
PUL1424,"null,GH94,GH20,null,GH9,3.A.1,3.A.1,3.A.1,3.A.1,3.A.1,HisKA|HATPase_c|Response_reg|PAS"
PUL1425,"null,GH94,GH20,null,GH9,3.A.1.5.20,3.A.1.5.15,3.A.1.5.14,3.A.1.5.16,3.A.1.5.7,HisKA|HATPase_c|Response_reg|PAS"
PUL1426,"null,HTH_3,4.A.3.2.1,4.A.3.2.1,4.A.3.2.7,HTH_AraC|HTH_AraC,GH4"
PUL1427,"null,HTH_AraC|HTH_AraC,GH1,4.A.3.2.5,4.A.3.2.5"
PUL1428,"null,null,4.A.3.2.1,4.A.3.2.1,4.A.3.2.1,HTH_AraC|HTH_AraC,GH4"
PUL1429,"null,null,4.A.3.2.1,4.A.3.2.1,4.A.3.2.1,HTH_AraC|HTH_AraC,GH4,null"
PUL1430,"null,null,4.A.3.2.1,4.A.3.2.1,4.A.3.2.7,HTH_AraC|HTH_AraC,GH4"
PUL1431,"null,null,4.A.3.2.1,4.A.3.2.1,HTH_AraC|HTH_AraC,GH4"
PUL1432,"null,null,4.A.3.2.7,4.A.3.2.1,4.A.3.2.1,HTH_AraC|HTH_AraC,GH4,null"
PUL1433,"null,null,4.A.3.2.7,4.A.3.2.1,4.A.3.2.7,GH4"
PUL1434,"null,null,4.A.3.2.7,4.A.3.2.1,HTH_AraC|HTH_AraC,GH4"
PUL1435,"null,null,4.A.3.2.7,4.A.3.2.7,4.A.3.2.7,HTH_AraC|HTH_AraC,GH4"
PUL1436,"null,null,4.A.3.2.7,4.A.3.2.7,HTH_AraC|HTH_AraC,GH4"
PUL1437,"null,null,4.A.3,4.A.3,4.A.3,HTH_AraC|HTH_AraC,GH4,null"
PUL1438,"null,null,GH16,null,null,GH3,SIS|SIS,GntR,null,1.A.30,1.A.30,1.B.14,null,null"
PUL1439,"SBP_bac_1,3.A.1,3.A.1,3.A.1,null,CE9,null,null,null"
PUL1440,"0037767,null,null,null,4.A.6.1.16,HTH_AraC,GH32"
PUL1441,"2.A.3.11.1,GH32,GH68_1"
PUL1442,"GH32,2.A.1.7.17,PfkB"
PUL1443,"GH32,3.A.1,3.A.1,3.A.1,LacI,HTH_Mga|Mga|PRD_Mga"
PUL1444,"GH32,GH32,null,null,1.B.14.6.1,null"
PUL1445,"GH32,GH32,null,null,1.B.14.6.1,null,GH32"
PUL1446,"GH32,null,1.B.14.6.1,null,GH91,GH91,GH32,2.A.1.7.17,0039384"
PUL1447,"GH32,null,1.B.14.6.1,null,null,GH32"
PUL1448,"GH32,null,1.B.14.6.1,null,null,GH32,GH32"
PUL1449,"GH32,null,1.B.14.6.1,null,null,GH32,GH32,2.A.1.7.17,0039384,HTH_AraC"
PUL1450,"GH32,null,1.B.14.6.1,null,null,GH32,GH32,2.A.1.7.17,PfkB,HTH_AraC"
PUL1451,"GH32,PfkB,GH32"
PUL1452,"GH36,GH13_30,3.A.1.1.24,3.A.1.1.37,SBP_bac_1"
PUL1453,"GH68_1,GH32,2.A.3.11.1"
PUL1454,"GH68,GH32,2.A.3"
PUL1455,"HTH_7,2.A.40.2.1,HTH_3,null,HTH_1,3.A.1.135.5,3.A.1.135.5,LacI,4.A.1.2.12,GH32,PfkB"
PUL1456,"HTH_AraC,null,null,PfkB,2.A.1,GH32,GH32,null,8.A.46,1.B.14,null,GH32"
PUL1457,"HTH_AraC,PfkB,2.A.1.7.17,GH32,GH32,null,null,1.B.14.6.1,null,GH32"
PUL1458,"LacI,3.A.1.1.10,3.A.1.1.29,null,GH32"
PUL1459,"LacI,3.A.1.1.10,3.A.1.1.29,null,GH32,PfkB"
PUL1460,"LacI,3.A.1.1.20,3.A.1.1.20,3.A.1.1.20,GH32"
PUL1461,"LacI,GH32,4.A.1.2.12,null"
PUL1462,"LacI,GH32,4.A.1.2.1,null"
PUL1463,"null,1.B.14.6.1,null,null,GH32,GH32"
PUL1464,"null,1.B.14.6.1,null,null,GH32,GH32,2.A.1.7.17,0039384,null,HTH_AraC"
PUL1465,"null,4.A.1.2.12,GH32,LacI"
PUL1466,"null,4.A.1,null,GH32,LacI"
PUL1467,"null,null,GH32,4.A.1,LacI,3.A.1,3.A.1,HTH_1,null,HTH_3,2.A.40,null"
PUL1468,"PfkB,2.A.1.7.17,GH32"
PUL1469,"PfkB,GH32,null,3.A.1.1.29,3.A.1.1.10,LacI"
PUL1470,"SBP_bac_1,3.A.1.1.37,3.A.1.1.24,GH13_30,GH36"
PUL1471,"1.B.14.12.2,GntR,GntR,null,null,null,null,null,2.A.1.1.55,null,null,null,null,null,null,GH16_13,null,null,null,null,null,null,GH167"
PUL1472,"1.B.14.6.1,null,GH16_16"
PUL1473,"1.B.14.6.1,null,null,GH16_16"
PUL1474,"1.B.52,LacI,3.A.1,3.A.1,3.A.1,GH42,null"
PUL1475,"2.A.2.1.1,GH4,HTH_AraC|HTH_AraC"
PUL1476,"3.A.1.1.28,3.A.1.1.28,SBP_bac_1,MarR,GH36,null"
PUL1477,"3.A.1.1.44,GH42,3.A.1.1.48,3.A.1.1.48,LacI"
PUL1478,"3.A.1,GH42,3.A.1,3.A.1,LacI"
PUL1479,"9.B.67.1.2,GH13_18,3.A.1.1.28,3.A.1.1.28,GH36,AraC_N|HTH_AraC|HTH_AraC"
PUL1480,"CBM61|GH53|CBM61,GH42,3.A.1.1.2,3.A.1.1.2,3.A.1.1.2,LacI"
PUL1481,"CE19,LacI,SBP_bac_1,3.A.1.1.7,3.A.1.1.41,GH4"
PUL1482,"GH13_31,3.A.1.1.28,GH13_18,3.A.1.1.28,3.A.1.1.28,3.A.1.1.28,GH36,HTH_AraC|HTH_AraC"
PUL1483,"GH16_16|CBM6|CBM6,3.D.1.9.2,GH50,null,null,null,null,1.B.14.12.2,null,null,null,CBM6,GH16_16|CBM13,2.A.98.1.3,HTH_1,GH50,FecR,Sigma70_r2|Sigma70_r4,Pyr_redox_2,GH117,2.A.21.3.11,GH16_3,null,null,GH2,null,null,null,null,SBP_bac_1,0040266,null,null,GH50,SBP_bac_3|HATPase_c,GerE,null,null,null,null,null,GH127,2.A.1.1.55,GntR,null,null,null,null,null,GH167,HTH_AraC|HTH_AraC,null,CE1,GntR,CBM6|CBM6|GH86|GH86,null,GH50,null,null,null,null,2.A.1.1.106,GH86"
PUL1484,"GH16_16|CBM6|CBM6,3.D.1,GH50,null,null,null,null,1.B.14,null,null,null,CBM6,GH16_16|CBM13,2.A.98,HTH_1,GH50,FecR,Sigma70_r2|Sigma70_r4,Pyr_redox_2,GH117,2.A.21,GH16_3,null,null,GH2,null,null,null,null,SBP_bac_1,0040266,null,null,GH50,SBP_bac_3|HATPase_c,GerE,null,null,null,null,null,GH127,2.A.1,GntR,null,null,null,null,null,GH167,HTH_AraC|HTH_AraC,null,null,GntR,CBM6|CBM6|GH86|GH86,null,GH50,null,null,null,null,2.A.1,GH86"
PUL1485,"GH16_16,HTH_8,null,PfkB,null,null,null,null,GH2,null,GH117|GH117,3.A.1,3.A.1,3.A.1,LacI,null,GH50"
PUL1486,"GH16_16,null"
PUL1487,"GH167,null,null,null,null,null,null,GH16_13,null,null,null,null,null,null,2.A.1.1.55,null,null,null,null,null,GntR,GntR,1.B.14.12.2"
PUL1488,"GH167,null,null,null,null,null,null,GH16_13,null,null,TPR_2,null,null,null,2.A.1.1.55,null,null,null,null,null,GntR,GntR,1.B.14.12.2,GH16_17"
PUL1489,"GH16,null,null,null,null,null,null,null,HTH_1,null,null,2.A.1,null,null,null,GntR,null,null,null,null,null,GH16|CBM16|CBM16,null,1.B.52,null,TrmB,null,GH16,2.A.21,null,null,null,null,null,null,null,null,null,null,null,null,null,GH16,null,null,null,null,null,GntR"
PUL1490,"GH1,HTH_6|SIS,null,null,3.A.1,8.A.59,Response_reg|HTH_18|HTH_AraC,3.A.1,3.A.1,3.A.1,null"
PUL1491,"GH2,2.A.21,null,null,3.D.1,null,GH96,GH96,null,null,2.A.1,GH50,GH50,null,GH50,GH29,null,SBP_bac_1,TrmB,null,null,null,null,null,null,null,null,null,null,null,1.B.14,null,GntR,GH50,1.B.14,null,null,null,GH86,null,3.A.1,3.A.1,3.A.1,3.A.1,null,PfkB,GH117|GH117,null,null,null,null,null,null,Pyr_redox_2"
PUL1492,"GH2,2.A.21,null,null,3.D.1,null,GH96,GH96,null,null,2.A.1,GH50,GH50,null,null,GH29,null,SBP_bac_1,TrmB,null,null,null,null,null,null,null,null,null,null,null,null,1.B.14,null,GntR,GH50,1.B.14,null,null,null,GH86,null,3.A.1,3.A.1,3.A.1,3.A.1,null,PfkB,GH117|GH117"
PUL1493,"GH2,GH141,GH105|GH154,null,null,null,1.B.14,null,null,GH16_11,GH117,GH16_11,GH16_14,GH29,null,null,null,null,null,null,null,HTH_AraC"
PUL1494,"GH2,GH53,8.A.46.1.1,1.B.14.6.1,GH147,HTH_AraC|HTH_AraC"
PUL1495,"GH2,GH53,null,8.A.46.1.1,1.B.14.6.1,GH147,HTH_AraC|HTH_AraC"
PUL1496,"GH2,GH53,null,8.A.46,1.B.14,GH147,HTH_AraC|HTH_AraC|HTH_AraC"
PUL1497,"GH2,GH53,null,8.A.46,1.B.14,null,HTH_AraC|HTH_AraC|HTH_AraC"
PUL1498,"GH2,null,GH36,2.A.2.2.1,null"
PUL1499,"GH2,null,null,null,null,null,null,null,GH117|GH117,null,1.B.14.6.1,MarR"
PUL1500,"GH36,0044258,SBP_bac_1,3.A.1.1.28,3.A.1.1.28,GH36,null"
PUL1501,"GH36,3.A.1.1.28,3.A.1.1.28,3.A.1.1.28,GH13_18,3.A.1.1.28,GH13_31"
PUL1502,"GH4,3.A.1.1.41,3.A.1.1.7,SBP_bac_1,LacI,CE19"
PUL1503,"GH4,HTH_AraC|HTH_AraC"
PUL1504,"GH53,GH42,3.A.1.1.2,3.A.1.1.2,3.A.1.1.2,LacI"
PUL1505,"GH53,GH42,3.A.1,3.A.1,3.A.1,LacI|Peripla_BP_3"
PUL1506,"HTH_8,GH16_16,GH117|GH117,GH2,GH2,null,null,null,2.A.1.7.1,null,null,null,null,null,GH50,GH105|GH154,null,null,null,GH16_12,null,null,GH86,GH86,null,null,null,1.B.14.6.1,HTH_AraC,null,null,GH29,GH16_14,null,1.B.14.6.1,GH2"
PUL1507,"HTH_8,GH16,GH117|GH117,GH2,GH2,null,null,null,2.A.1,null,null,null,null,null,GH50,GH105|GH154,null,null,null,GH16,null,null,GH86,GH86,null,null,null,1.B.14,HTH_AraC,null,null,GH29,GH16,null,1.B.14,GH2"
PUL1508,"HTH_AraC|HTH_AraC,2.A.8.1.4,null,null,null,null,GH129,null,GH127,2.A.1.1.55,GH127,null"
PUL1509,"HTH_AraC|HTH_AraC,GH147,1.B.14.6.1,8.A.46.1.1,GH53,GH2"
PUL1510,"HTH_AraC|HTH_AraC,GH36,3.A.1.1.28,3.A.1.1.28,3.A.1.1.28,GH13_18,3.A.1.1.28,GH13_31"
PUL1511,"HTH_AraC|HTH_AraC,GH4"
PUL1512,"HTH_AraC|HTH_AraC,GH4,2.A.2.1.1"
PUL1513,"HTH_AraC|HTH_AraC,null,1.B.14.6.1,8.A.46.1.1,null,GH53"
PUL1514,"LacI,1.B.3,GH42,GH53,3.A.1,3.A.1,3.A.1,3.A.1,null"
PUL1515,"LacI,2.A.2.3.2,GH2"
PUL1516,"LacI,2.A.2,GH2"
PUL1517,"LacI,3.A.1.1.2,3.A.1.1.2,3.A.1.1.2,GH42"
PUL1518,"LacI,3.A.1.1.40,3.A.1.1.36,GH4,3.A.1.1.28,3.A.1.1.28,3.A.1.1.28,GH36,GH13_31,GH13_18"
PUL1519,"LacI,3.A.1.1.48,3.A.1.1.48,GH42,3.A.1.1.44"
PUL1520,"null,2.A.2.2.1,GH36,null,GH2"
PUL1521,"null,2.A.2.2.1,null,GH2"
PUL1522,"null,GH16,null,null,null,null,null,null,1.B.14,null,null,null,null,null,null,GntR,null,null,null,null,null,2.A.1,GntR"
PUL1523,"null,GH36,3.A.1.1.28,3.A.1.1.28,SBP_bac_1,0044258,GH36"
PUL1524,"null,GH36,MarR,3.A.1.1.28,3.A.1.1.28"
PUL1525,"null,GH36,MarR,SBP_bac_1,3.A.1.1.28,3.A.1.1.28"
PUL1526,"null,GH5_42,TPR_1"
PUL1527,"null,null,CBM6|GH86|GH86,1.B.14,null,null,null,null,null,GH16|CBM6"
PUL1528,"null,null,GH127,GH127,2.A.1.1.55,GH127,GH129,null,null,null,null,null,null,HTH_AraC|HTH_AraC"
PUL1529,"null,null,GH127,GH127,2.A.1,GH127,null,GH129,null,null,null,null,null,null,HTH_AraC|HTH_AraC|HTH_AraC"
PUL1530,"null,null,GH16,HTH_18,1.B.14,GntR,GntR,null,null,null,null,null,null,2.A.1,null,null,null,null,null,null,GH16,null,null,null,null,null,null,null,null"
PUL1531,"null,null,null,null,GH53,2.A.2,GH42,LacI"
PUL1532,"null,null,null,null,null,GH110,GH110,null,8.A.46,1.B.14"
PUL1533,"null,null,null,null,null,GH110,GH110,null,null,1.B.14.6.1"
PUL1534,"null,null,null,null,null,GH42,2.A.2,null,LacI,GH2,null,null"
PUL1535,"null,null,null,null,null,null,null,null,null,GH16,null,null,null,null,null,2.A.1,null,null,null,null,null,null,GntR,GntR,1.B.14,HTH_AraC|HTH_AraC,GH16,null,null,GH150"
PUL1536,"null,TetR_N,GH16|CBM16"
PUL1537,"SBP_bac_1,3.A.1.1.48,3.A.1.1.48,GH42,LacI,GH53|CBM61,null,null"
PUL1538,"SBP_bac_1,3.A.1.1.48,3.A.1.1.48,GH42,LacI,null,null"
PUL1539,"SBP_bac_1,3.A.1,3.A.1,GH42,LacI,2.A.2,null,null,null,null"
PUL1540,"SBP_bac_1,3.A.1,3.A.1,GH42,LacI,GH53|CBM61,null,null,null"
PUL1541,"TPR_1,GH5_42,null,null"
PUL1542,"TPR_1|TPR_1,GH5_42,null,null"
PUL1543,"0038753,null,1.B.14.6.1,null,null,CBM32,null"
PUL1544,"0043143,GH20"
PUL1545,"1.A.23.4.5,null,GH29|CBM32,GH2,GH20,null,null,null,1.B.14.6.1,GH18,null,null,HTH_11|HTH_AraC,null"
PUL1546,"1.A.23,null,GH29|CBM32,GH2,GH20,null,null,null,1.B.14,GH18,null,null,HTH_AraC,null"
PUL1547,"1.B.14.6.13,8.A.46.2.1,GH18,null,null,GH163,null,GH130_2,GH92"
PUL1548,"1.B.14.6.13,8.A.46.2.2,GH18,null"
PUL1549,"1.B.14.6.13,8.A.46.2.2,null,null,GH18,null,null,GH92,GH92,FecR,GerE"
PUL1550,"1.B.14.6.13,8.A.46.2.2,null,null,GH18,null,null,GH92,GH92,FecR,GerE,GH92"
PUL1551,"1.B.14.6.1,8.A.46.1.2,null,PL38|GH88,GH2|CBM57"
PUL1552,"1.B.14.6.1,8.A.46.1.4,CBM93|GH33,GH20,CE3,CE3|CE20,GH2,GH20,null,GH20,GH92,GH2,CE9,3.A.1.143.1,null"
PUL1553,"1.B.14.6.1,8.A.46.1.4,CBM93|GH33,GH20,CE3,CE3|CE20,GH2,GH20,null,GH20,GH92,GH2,CE9,3.A.1.143.1,null,HTH_AraC|HTH_AraC,null,null,GH29,GH97,CBM51|CBM51"
PUL1554,"1.B.14.6.1,CBM93|GH33,null,null,null,null,MarR,HTH_3,null,9.B.2.1.5,null,CBM67|GH78,HTH_AraC|HTH_AraC,null,null,null,null,null,null,null,null,2.A.4.7.9,null,null,null,null"
PUL1555,"1.B.14.6.1,null,1.B.14.6.2,null,null,null,GH16_3,GH18,HTH_AraC"
PUL1556,"1.B.14.6.1,null,CBM32"
PUL1557,"1.B.14.6.1,null,CBM32,GH92,GH92,null,GH92|GH43_34"
PUL1558,"1.B.14.6.1,null,null,null,GH2,HTH_AraC|HTH_AraC"
PUL1559,"1.B.14,8.A.46,GH18,null"
PUL1560,"1.B.14,8.A.46,GH18,null,null"
PUL1561,"1.B.14,GH29,GH18,GH20,GH2,GH3,GH125,GH92,GH35"
PUL1562,"1.B.14,null,CE9,SIS|SIS,LacI,2.A.1,GntR"
PUL1563,"1.B.35.2.2,2.A.2.3.9,2.A.2.3.9,GH31_13,null,null,null,null,PfkB,HTH_DeoR"
PUL1564,"1.B.35.2.2,2.A.2.3.9,2.A.2.3.9,GH31_13,null,null,null,PfkB,HTH_DeoR"
PUL1565,"1.C.39.4.5,Pribosyltran,null,null,null,null,null,null,null,null,null,null,Trans_reg_C,null,1.B.14.6.1,null,GH20,GH2,2.A.115.1.2,null,GH2,GH2"
PUL1566,"2.A.1.14.14,null,PIG-L,null,HTH_AraC,null,2.A.6.2.37,null,null,null,null,3.A.1.143.1,1.C.105.2.12,null,HATPase_c,Trans_reg_C,CE9,GH2,GH92,GH20,null,GH20,GH2,CE3|CE20"
PUL1567,"2.A.1.14.14,null,PIG-L,null,HTH_AraC,null,2.A.6.2.37,null,null,null,null,3.A.1.146.2,1.C.105.2.12,null,HATPase_c,Trans_reg_C,CE9,GH2,GH92,GH20,null,GH20,GH2,CE3|CE20"
PUL1568,"2.A.2.2.3,GH2,GH95,GH29,null,null,null,null,9.B.28.1.10,3.A.1.1.10,3.A.1.1.10,SBP_bac_1,SBP_bac_1,GH33,null,SBP_bac_1,SBP_bac_1,SBP_bac_1,SBP_bac_1,GH20,null,SBP_bac_1,null,3.A.1.1.36,3.A.1.1.4,3.A.1.1.22"
PUL1569,"3.A.1.1.48,3.A.1.1.48,3.A.1.1.48,GH112,null,0043669,null,null,null"
PUL1570,"3.A.1.1.48,3.A.1.1.48,null,null,null,null,GH95"
PUL1571,"4.A.1.1.2,CE9"
PUL1572,"4.A.1.1.2,CE9,MarR"
PUL1573,"4.A.1.1.7,CE9"
PUL1574,"4.A.1.1.7,CE9,MarR"
PUL1575,"4.A.3.1.1,4.A.3.1.3,GH1"
PUL1576,"4.A.3.1.1,null,4.A.3.1.3,GH1"
PUL1577,"4.A.6.1.14,4.A.6.1.14,4.A.6.1.14,GH88,4.A.6.1.14,null,null,PfkB,null,null,Nitroreductase"
PUL1578,"4.A.6.1.18,4.A.6.1.18,4.A.6.1.18,4.A.6.1.18,GH35,CE9,SIS|SIS,GntR,null"
PUL1579,"4.A.6.1.5,4.A.6.1.5,4.A.6.1.5,null,SIS|SIS,CE9,4.A.6.1.15,4.A.6.1.4,4.A.6.1.4,4.A.6.1.4,null,HTH_DeoR"
PUL1580,"4.A.6.1.5,4.A.6.1.5,4.A.6.1.5,null,SIS|SIS,CE9,4.A.6.1.6,4.A.6.1.4,4.A.6.1.4,4.A.6.1.4,null,HTH_DeoR"
PUL1581,"8.A.46.1.4,1.B.14.6.1,CBM93|GH33,null,2.A.1.32.1,null,null,null,MarR,HTH_3,null"
PUL1582,"8.A.46.1.4,1.B.14.6.1,CBM93|GH33,null,null,null,null,null,MarR,HTH_3,null"
PUL1583,"8.A.46.2.2,GH18,null"
PUL1584,"8.A.46.2.2,null,null,GH18,null,null,GH92,GH92,FecR"
PUL1585,"9.B.156.3.1,null,1.C.39.4.5,Pribosyltran,null,null,null,null,null,null,null,null,null,null,null,Trans_reg_C,null,1.B.14.6.1,null,GH20,GH2,2.A.115.1.2,null,GH2,GH2"
PUL1586,"CBM32,null,1.B.14.6.1"
PUL1587,"CBM67|GH78,HTH_AraC|HTH_AraC,null,null,null,null,null,null,2.A.4.7.2,null,null,null,null,null,null,GH3"
PUL1588,"CBM67|GH78,HTH_AraC|HTH_AraC,null,null,null,null,null,null,null,2.A.4.7.2,null,null,null,null,null,null,GH3,GH115,GH97"
PUL1589,"CBM67|GH78,HTH_AraC|HTH_AraC,null,null,null,null,null,null,null,2.A.4.7.9,null,null,null,null,null"
PUL1590,"CBM70|PL8_1,null,PfkB,null,null,4.A.6.1.14,GH88,4.A.6.1.14,4.A.6.1.14,4.A.6.1.14,null,PL12_1"
PUL1591,"CBM70|PL8_1,null,PfkB,null,null,4.A.6,GH88,4.A.6,4.A.6,4.A.6,null,PL12_1"
PUL1592,"CBM93|GH33,GH20,CE20,GH2,GH20|CBM32,GH20,GH2"
PUL1593,"CBM93|GH33,GH20,CE3|CE20,GH2,GH20|CBM32,GH20"
PUL1594,"CBM93|GH33,GH20,CE3|CE20,GH2,GH20|CBM32,GH20,GH2"
PUL1595,"CBM93|GH33,GH20,CE3,CE3|CE20,GH2,GH20|CBM32,null,GH20,GH92,GH2,1.B.14.6.1,null"
PUL1596,"CBM93|GH33,GH20,null,CE20,GH2,GH20|CBM32,null,GH20,GH92,GH2,1.B.14.6.1,null"
PUL1597,"CBM93|GH33,GH20,null,CE3|CE20,GH2,GH20|CBM32,null,GH20,GH92,GH2,1.B.14.6.1,null"
PUL1598,"CE3|CE20,GH2,GH20|CBM32,null,GH20,GH92,GH2,CE9"
PUL1599,"CE3|CE20,GH2,GH20,null,GH20,GH92,GH2,CE9"
PUL1600,"CE3|CE20,GH2,GH20,null,GH20,GH92,GH2,CE9,Trans_reg_C,HATPase_c,null,1.C.105.2.12,3.A.1.143.1,null,null,null,null,2.A.6.2.37,null,HTH_AraC,null,PIG-L,null,2.A.1.14.14"
PUL1601,"CE9,4.A.1.1.2"
PUL1602,"CE9,4.A.1.1.7"
PUL1603,"CE9,GH2,GH92,GH20,GH20,GH2"
PUL1604,"CE9,GH2,GH92,GH20,null,GH20|CBM32,GH2,CE3|CE20"
PUL1605,"CE9,GH2,GH92,GH20,null,GH20,GH2,CE3|CE20"
PUL1606,"CE9,GH2,GH92,GH20,null,GH20,GH2,CE3|CE20,CE3,GH20,CBM93|GH33,8.A.46.1.4,1.B.14.6.1"
PUL1607,"CE9,MarR"
PUL1608,"CE9,null"
PUL1609,"Fe_dep_repress,null,null,2.A.1,null,GH89,1.B.14,null,null,null,null,null,CE2"
PUL1610,"GerE,AAA|FecR,GH92,GH92,null,GH18,null,null,8.A.46.2.2,1.B.14.6.13"
PUL1611,"GerE,FecR,1.B.14.6.13,8.A.46.2.1,GH18,null,null"
PUL1612,"GerE,FecR,1.B.14.6.13,8.A.46.2.2,GH18,null"
PUL1613,"GerE,FecR,1.B.14.6.13,8.A.46.2.2,GH18,null,null"
PUL1614,"GerE,FecR,1.B.14.6.13,8.A.46.2.2,GH18,null,null,null"
PUL1615,"GerE,FecR,1.B.14.6.13,8.A.46.2.2,null,null,GH18,GH18"
PUL1616,"GerE,FecR,1.B.14.6.13,gnl,1.B.14.6.13,gnl,8.A.46.2.1,GH18,null"
PUL1617,"GerE,FecR,1.B.14.6.1,null,GH20,null"
PUL1618,"GerE,FecR,1.B.14.6.1,null,GH89"
PUL1619,"GerE,FecR,1.B.14,8.A.46,GH18,null,null"
PUL1620,"GerE,FecR,GH92,GH92,null,GH18,null,null,8.A.46.2.2,1.B.14.6.13"
PUL1621,"GerE,FecR,GH92,GH92,null,null,GH18,null,null,8.A.46.2.2,1.B.14.6.13"
PUL1622,"GH112,GH136,null,3.A.1.1.4,3.A.1.1.4,3.A.1.1.4,HTH_AraC|HTH_AraC"
PUL1623,"GH115,GH3,null,null,null,null,null,2.A.4.7.9,null,null,null,null,null,null,null,HTH_AraC|HTH_AraC,CBM67|GH78"
PUL1624,"GH1,4.A.3.1.3,4.A.3.1.1"
PUL1625,"GH1,4.A.3.1.3,null"
PUL1626,"GH1,4.A.3.1.3,null,4.A.3.1.1"
PUL1627,"GH154,GH2,GH20,null,GH88,PL33_1,null,1.B.14,HTH_AraC|HTH_AraC"
PUL1628,"GH154,GH2,GH20,null,GH88,PL33_1,TPR_1,1.B.14.6.1,HTH_AraC|HTH_AraC"
PUL1629,"GH170,4.A.3.2.4,null,null"
PUL1630,"GH170,4.A.3.2.4,null,null,GH1"
PUL1631,"GH18,GH18,null,null,8.A.46.2.2,1.B.14.6.13"
PUL1632,"GH18,GH18,null,null,8.A.46.2.2,1.B.14.6.13,FecR,GerE"
PUL1633,"GH1,null"
PUL1634,"GH1,null,null,4.A.3.2.4,GH170"
PUL1635,"GH20,0043143"
PUL1636,"GH20|CBM32,GH2,CE3|CE20,null,GH20,CBM93|GH33,8.A.46.1.4,1.B.14.6.1,null"
PUL1637,"GH20,GH2,CE3|CE20,CE3,GH20,CBM93|GH33,8.A.46.1.4,1.B.14.6.1,null"
PUL1638,"GH20,GH2,CE3|CE20,null,GH20,CBM93|GH33,8.A.46.1.4,1.B.14.6.1,null"
PUL1639,"GH20,Homeobox"
PUL1640,"GH20,null,GH38,GH125,GH92"
PUL1641,"GH20,null,GH38,GH125,GH92,GH29"
PUL1642,"GH20,null,GntR,SIS|SIS,CE9,GH35,4.A.6.1.18,4.A.6.1.18,4.A.6.1.18,4.A.6.1.18"
PUL1643,"GH20,TetR_N"
PUL1644,"GH2,2.A.2.2.3"
PUL1645,"GH29|CBM32,null"
PUL1646,"GH29,GH92,GH125,GH38,null,GH20"
PUL1647,"GH2,GH20,GH20|CBM32,GH2,CE20,GH20,CBM93|GH33"
PUL1648,"GH2,GH20,GH20|CBM32,GH2,CE3|CE20,GH20,CBM93|GH33"
PUL1649,"GH2,GH20,GH20,GH92,GH2,CE9"
PUL1650,"GH2|GH29|CBM32,null"
PUL1651,"GH2,GH2,null,2.A.115.1.2,GH2,GH20|CBM32,null,1.B.14.6.1,null,Trans_reg_C,null,null,null,null,null,null,null,null,null,null,null,Pribosyltran,1.C.39.4.5,null,9.B.156.3.1"
PUL1652,"GH2,GH2,null,2.A.115.1.2,GH2,GH20|CBM32,null,1.B.14.6.1,null,Trans_reg_C,null,null,null,null,null,null,null,null,null,null,Pribosyltran,1.C.39.4.5"
PUL1653,"GH2,null"
PUL1654,"GH2,null,1.B.14.6.1,GH2,GH92,GH20,null,GH20|CBM32,GH2,CE3|CE20,CE3,GH20,CBM93|GH33"
PUL1655,"GH2,null,2.A.115.1.2,GH2,GH20|CBM32,null,1.B.14.6.1,null,null,null,null,null,null,null,null,null,null,null,null,Pribosyltran,1.C.39.4.5,null,9.B.156.3.1"
PUL1656,"GH2,null,2.A.115.1.2,GH2,GH20|CBM32,null,1.B.14.6.1,null,null,Pyr_redox,null,null,null,null,null,null,null,null,Pribosyltran,1.C.39.4.5"
PUL1657,"GH2,null,2.A.115.1.2,GH2,GH20|CBM32,null,1.B.14.6.1,null,Trans_reg_C,null,Pyr_redox,null,null,null,null,null,null,null,null,null,Pribosyltran,1.C.39.4.5,null,9.B.156.3.1"
PUL1658,"GH2,null,2.A.115.1.2,GH2,GH20|CBM32,null,1.B.14.6.1,null,Trans_reg_C,null,Pyr_redox,null,null,null,null,null,null,null,null,Pribosyltran,1.C.39.4.5"
PUL1659,"GH30_4,null,null,1.B.14.6.1,null,null,Mga|HTH_AraC"
PUL1660,"GH33,GH20,null,GH2,GH20,GH20,GH2"
PUL1661,"GH35,GH43_19,GH43_9|CBM91|GH43_19"
PUL1662,"GH35,GH43_19,GH43_9|CBM91|GH43_19,GH51_2"
PUL1663,"GH35,GH43_19,GH51_2"
PUL1664,"GH43_10|CBM91,GH97,GH29,null,HTH_AraC|HTH_AraC"
PUL1665,"GH43_34|CBM32,GH43_10|CBM91,GH97,GH29,null,HTH_AraC|HTH_AraC,null,1.B.14.6.1,null,null"
PUL1666,"GH51_2,GH43_19,GH35"
PUL1667,"GH51_2,GH43_9|CBM91|GH43_19,GH43_19,GH35"
PUL1668,"GH89,null,1.B.14.6.1,FecR,GerE"
PUL1669,"GH92,GerE,AAA|FecR,GH92,GH92,null,GH18,null,null,8.A.46.2.2,1.B.14.6.13"
PUL1670,"GH92,GerE,FecR,GH92,GH92,null,GH18,null,null,8.A.46.2.2,1.B.14.6.13"
PUL1671,"GH92,GerE,FecR,GH92,GH92,null,null,GH18,null,null,8.A.46.2.2,1.B.14.6.13"
PUL1672,"GH92,GH125,GH38,null,GH20"
PUL1673,"GH92,GH130_2,null,GH163,null,null,GH18,8.A.46.2.1,1.B.14.6.13"
PUL1674,"GH92,GH130_2,null,GH163,null,null,GH18,8.A.46.2.2,1.B.14.6.13,null,1.B.14.6.13,8.A.46.2.1,GH18,null,null,null"
PUL1675,"GH92,GH130,null,GH163,null,null,null,8.A.46,1.B.14"
PUL1676,"GH92,GH130,null,GH163,null,null,null,8.A.46,1.B.14,null,1.B.14,8.A.46,null,null,1.B.14,8.A.46,null,null,null,GH20,FecR,GerE"
PUL1677,"GH92|GH43_34,null,GH92,GH92,CBM32,null,1.B.14.6.1,HTH_AraC|HTH_AraC"
PUL1678,"GH92|GH43_34,null,GH92,GH92,null,CBM32,null,1.B.14.6.1,HTH_AraC|HTH_AraC"
PUL1679,"GH92,null,GH92,GH92,CBM32,null,1.B.14.6.1"
PUL1680,"GH92,null,GH92,GH92,null,CBM32,null,1.B.14.6.1,HTH_AraC|HTH_AraC"
PUL1681,"GH93,null,1.B.14.6.1,GH43_31,null,HTH_AraC|HTH_AraC,GH43_31,null"
PUL1682,"GH97,GH115,GH3,null,null,null,null,null,null,2.A.4.7.2,null,null,null,null,null,null,null,HTH_AraC|HTH_AraC,CBM67|GH78"
PUL1683,"Glucokinase,CE9"
PUL1684,"GntR,4.A.1,4.A.1,1.B.1,CE9,SIS|SIS,null"
PUL1685,"GntR,null,CE9,null"
PUL1686,"GntR,SIS|SIS,CE9,GH35,4.A.6.1.18,4.A.6.1.18,4.A.6.1.18,4.A.6.1.18"
PUL1687,"HATPase_c,HTH_AraC|HTH_AraC,null,3.A.1.5.11,3.A.1.5.39,3.A.1.5.39,3.A.1.5.41,3.A.1.5.15,null,null,null,null,GH1,null,null,null,null,null,null,null,null,null"
PUL1688,"HTH_11,null,FecR,1.B.14.6.1,null,CBM32,CBM32,GH109,2.A.115.1.1,GH2,null"
PUL1689,"HTH_AraC|HTH_AraC,1.B.14.6.1,null,CBM32,GH92,GH92,null,GH92|GH43_34"
PUL1690,"HTH_AraC|HTH_AraC,1.B.14.6.1,null,CBM32,null,GH92,GH92,null,GH92"
PUL1691,"HTH_AraC|HTH_AraC,1.B.14.6.1,TPR_1,PL33_1,GH88,null,GH20,GH2,GH154"
PUL1692,"HTH_AraC|HTH_AraC,3.A.1.1.4,3.A.1.1.4,3.A.1.1.4,null,GH136,GH112"
PUL1693,"HTH_AraC|HTH_AraC,3.A.1.1.4,3.A.1.1.4,3.A.1.1.4,null,GH136,GH112,HTH_AraC|HTH_AraC,8.A.59.2.1"
PUL1694,"HTH_AraC|HTH_AraC,GH2,null,null,1.B.14.6.1"
PUL1695,"HTH_AraC|HTH_AraC,GH2,null,null,null,1.B.14.6.1"
PUL1696,"HTH_AraC|HTH_AraC,null,GH29,GH97,GH43_10|CBM91"
PUL1697,"HTH_AraC,PL12_2,null,1.B.14.6.1,8.A.46.1.3,GH88,PL12_2,null,null,null,2.A.1.7.18,PL15_2"
PUL1698,"HTH_DeoR,null,4.A.6.1.4,4.A.6.1.4,4.A.6.1.16,CE9,SIS|SIS,null,4.A.6.1.5,4.A.6.1.5,4.A.6.1.5,null"
PUL1699,"HTH_DeoR,null,4.A.6.1.4,4.A.6.1.4,4.A.6.1.4,4.A.6.1.16,CE9,SIS|SIS,null,4.A.6.1.5,4.A.6.1.5,4.A.6.1.5,null"
PUL1700,"HTH_DeoR,null,4.A.6.1.4,4.A.6.1.4,4.A.6.1.4,4.A.6.1.6,CE9,SIS|SIS,null,4.A.6.1.5,4.A.6.1.5,4.A.6.1.5"
PUL1701,"HTH_DeoR,null,null,null,4.A.6.1.9,4.A.6.1.9,4.A.6.1.9,4.A.6.1.9,GH95,GH98|CBM47|CBM47|CBM47,null"
PUL1702,"HTH_DeoR,PfkB,null,null,null,GH31_13,2.A.2.3.9,1.B.35.2.2"
PUL1703,"HTH_DeoR,PfkB,null,null,null,GH31_13,2.A.2.3.9,2.A.2.3.9,1.B.35.2.2"
PUL1704,"HTH_DeoR,PfkB,null,null,null,null,GH31_13,2.A.2.3.9,2.A.2.3.9,1.B.35.2.2"
PUL1705,"LacI,3.A.1.1.48,3.A.1.1.48,SBP_bac_1,null,null,null,null,null,GH29,GH95"
PUL1706,"LacI,PfkB,null,PL8,null,null,3.A.1,3.A.1,3.A.1,3.A.1,null,PL8,null,GH88,null"
PUL1707,"MarR,CE9"
PUL1708,"MarR,CE9,4.A.1"
PUL1709,"MarR,CE9,4.A.1.1.2"
PUL1710,"MarR,CE9,4.A.1.1.7"
PUL1711,"Nitroreductase,null,null,PfkB,null,null,4.A.6.1.14,GH88,4.A.6.1.14,4.A.6.1.14,4.A.6.1.14"
PUL1712,"null,1.B.14.6.1,8.A.46.1.1,null,GH53"
PUL1713,"null,1.B.14.6.1,8.A.46.1.4,CBM93|GH33,GH20,CE3,CE3|CE20,GH2,GH20"
PUL1714,"null,1.B.14.6.1,8.A.46.1.4,CBM93|GH33,GH20,null,CE3|CE20,GH2,GH20|CBM32"
PUL1715,"null,1.B.14.6.1,GH2,GH92,GH20,null,GH20|CBM32,GH2,CE3|CE20,CE3,GH20,CBM93|GH33"
PUL1716,"null,1.B.14.6.1,null,null,CBM32,null"
PUL1717,"null,1.B.14.6.1,null,null,null,null,null,GH2,8.A.1.6.3,2.A.6.2.22,2.A.6.2.25,null,null,HTH_AraC,null,1.B.14.6.1,8.A.46.1.3,null,PL29,null,null,PL8_2"
PUL1718,"null,4.A.3.1.3,GH1,4.A.3.1.3"
PUL1719,"null,4.A.6.1.14,GH88,4.A.6.1.14,4.A.6.1.14,4.A.6.1.14,PL12_1"
PUL1720,"null,4.A.6.1.5,4.A.6.1.5,4.A.6.1.5,null,SIS|SIS,CE9,4.A.6.1.16,4.A.6.1.4,4.A.6.1.4,4.A.6.1.4,HTH_DeoR"
PUL1721,"null,4.A.6.1.5,4.A.6.1.5,4.A.6.1.5,null,SIS|SIS,CE9,4.A.6.1.16,4.A.6.1.4,4.A.6.1.4,4.A.6.1.4,null,HTH_DeoR"
PUL1722,"null,CBM32,null,null,1.B.14.6.1,null"
PUL1723,"null,CBM32,null,null,1.B.14.6.1,null,0038753"
PUL1724,"null,CBM32,null,null,1.B.14,null,cNMP_binding"
PUL1725,"null,CE20,CE3,GH20,GH29,8.A.46.1.4,1.B.14.6.1,CBM93|GH33,null,null,null,null,MarR,HTH_3,null,9.B.2.1.5,null,CBM67|GH78,HTH_AraC|HTH_AraC,null"
PUL1726,"null,CE20,GH20,CBM93|GH33,8.A.46.1.4,1.B.14.6.2,2.A.1.49.9,null,null"
PUL1727,"null,CE9,null,GntR"
PUL1728,"null,DeoRC,null,PfkB,CHASE2,null,MarR,null,GH88,4.A.6.1.14,4.A.6.1.14,4.A.6.1.14,null,null,PL12_1,null"
PUL1729,"null,GerE,null,GH38,GH92,GH2|CBM32,null,CBM67|GH78,CE1,null,null,null,1.B.14.6.1,null,null,null,null,null,null,null,null,1.B.14.6.1,CE20|CE20,GH92,GH92,GH130_3,GH43_8"
PUL1730,"null,GerE,null,GH38,GH92,GH2|CBM32,null,CBM67|GH78,CE1,null,null,null,1.B.14.6.1,null,null,null,null,null,null,null,null,1.B.14.6.1,CE20|CE20,GH92,GH92,GH130_3,GH43_8,null"
PUL1731,"null,GerE,null,GH38,GH92,GH2,null,CBM67|GH78,CE1,null,null,null,1.B.14.6.1,null,null,null,null,null,null,null,null,1.B.14.6.1,CE20|CE20,GH92,GH92,GH130_3,GH43_8,null"
PUL1732,"null,GH1,4.A.3.1.3"
PUL1733,"null,GH18,8.A.46.2.1,1.B.14.6.13,gnl,1.B.14.6.13,gnl,FecR,GerE"
PUL1734,"null,GH18,8.A.46.2.1,1.B.14.6.13,gnl,1.B.14.6.13,gnl,GerE"
PUL1735,"null,GH18,8.A.46.2.2,1.B.14.6.13"
PUL1736,"null,GH18,8.A.46.2.2,1.B.14.6.13,FecR,GerE"
PUL1737,"null,GH18,null,null,1.B.14.6.13,8.A.46.2.2,null,null,GH18,null"
PUL1738,"null,GH2"
PUL1739,"null,GH2,2.A.115.1.1,GH109,CBM32,CBM32,null,1.B.14.6.1,FecR"
PUL1740,"null,GH2,2.A.115.1.1,GH109,CBM32,CBM32,null,1.B.14.6.1,FecR,FecR"
PUL1741,"null,GH2,2.A.115.1.1,GH109,CBM32,CBM32,null,1.B.14.6.1,FecR,FecR,HTH_11"
PUL1742,"null,GH2,2.A.115.1.1,GH109,CBM32,CBM32,null,1.B.14.6.1,FecR,null,HTH_11"
PUL1743,"null,GH29|CBM32"
PUL1744,"null,GH43_8,GH130_3,GH92,GH92,CE20|CE20,1.B.14.6.1,null,null,null,null,null,null,null,null,1.B.14.6.1,null,null,null,CE1,CBM67|GH78,null,GH2|CBM32,GH92,GH38,null,GerE,null"
PUL1745,"null,GH43_8,GH130_3,GH92,GH92,CE20|CE20,1.B.14.6.1,null,null,null,null,null,null,null,null,1.B.14.6.1,null,null,null,CE1,CBM67|GH78,null,GH2,GH92,GH38,null,GerE,null"
PUL1746,"null,GH98|CBM47|CBM47|CBM47,GH95,4.A.6.1.9,4.A.6.1.9,4.A.6.1.9,4.A.6.1.9,null,null,null,HTH_DeoR"
PUL1747,"null,Glucokinase,CE9"
PUL1748,"null,GntR,SIS|SIS,CE9,GH35,4.A.6.1.18,4.A.6.1.18,4.A.6.1.18,4.A.6.1.18"
PUL1749,"null,null,1.B.14.6.1,null,HTH_AraC|HTH_AraC,null,GH29,GH97,GH43_10|CBM91"
PUL1750,"null,null,1.B.14.6.1,null,HTH_AraC|HTH_AraC,null,GH29,GH97,GH43_10|CBM91,GH43_34|CBM32"
PUL1751,"null,null,8.A.46.2.1,1.B.14.6.13,null,1.B.14.6.13,8.A.46.2.2,GH18,null,null,GH163,null,GH130_2,GH92"
PUL1752,"null,null,GH18,8.A.46.2.1,1.B.14.6.13,FecR,GerE"
PUL1753,"null,null,GH18,8.A.46.2.1,1.B.14.6.13,null,null,1.B.14.6.13,8.A.46.2.2,GH18,null,null,GH163,null,GH130_2,GH92"
PUL1754,"null,null,GH18,8.A.46.2.2,1.B.14.6.13,FecR,GerE"
PUL1755,"null,null,null,0043669,null,GH112,3.A.1.1.48,3.A.1.1.48,3.A.1.1.48"
PUL1756,"null,null,null,GH18,8.A.46.2.1,1.B.14.6.13,null,1.B.14.6.13,8.A.46.2.2,GH18,null,GH163,null,GH130_2,GH92"
PUL1757,"null,null,null,GH18,8.A.46.2.2,1.B.14.6.13,FecR,GerE"
PUL1758,"null,null,null,null,8.A.46,1.B.14,null,null,null,1.B.14,8.A.46,GH18,null,null,GH163,null,GH130,GH92"
PUL1759,"null,null,null,null,null,1.B.14,GH2,null,null"
PUL1760,"null,null,null,null,null,null,1.B.14,null,2.A.1,GH33,GH20,null,GH2,GH20,GH20,GH2"
PUL1761,"null,null,null,null,null,null,null,null,GerE,null,GH1,null,null,null,null,3.A.1.5.15,3.A.1.5.41,3.A.1.5.39,3.A.1.5.39,3.A.1.5.11,null,HTH_AraC|HTH_AraC,dCache_1|HATPase_c"
PUL1762,"null,null,null,null,null,null,null,null,null,GerE,null,GH1,null,null,null,null,3.A.1.5.15,3.A.1.5.41,3.A.1.5.39,3.A.1.5.39,3.A.1.5.11,null,HTH_AraC|HTH_AraC,dCache_1|HATPase_c"
PUL1763,"null,PL12_1,null,null,4.A.6.1.14,4.A.6.1.14,4.A.6.1.14,GH88,null,MarR,null,CHASE2,PfkB"
PUL1764,"null,PL12_1,null,null,4.A.6,4.A.6,4.A.6,GH88,null,0040266,null,CHASE2,PfkB,null,DeoRC,null"
PUL1765,"null,PL12_1,null,null,4.A.6,4.A.6,4.A.6,GH88,null,TrmB,null,null,null,PfkB,null,PL8"
PUL1766,"null,TPR_2|TPR_1|TPR_2,null,Peptidase_M23,HTH_AraC|HTH_AraC,null,GH43_26,null,null,null,null,null,null,null,1.B.14,null,null,null,null,null,null,null,1.B.14,null,null,null,null,null,null,ATPase_2,null,null,1.B.14,null,null,null,null,null,null,null,GH76,null,null,null,1.B.14,null,null"
PUL1767,"PL12_1,4.A.6.1.14,4.A.6.1.14,4.A.6.1.14,GH88,4.A.6.1.14,null"
PUL1768,"PL12_1,4.A.6,4.A.6,4.A.6,GH88,4.A.6,null"
PUL1769,"PL12_1,null,4.A.6.1.14,4.A.6.1.14,4.A.6.1.14,GH88,4.A.6.1.14,null,null,PfkB,null,CBM70|PL8_1"
PUL1770,"PL1_2,CE8,1.B.14.6.1,null,null,GH3,HTH_AraC|HTH_AraC"
PUL1771,"PL1_2,CE8,1.B.14,null,null,GH3,HTH_AraC|HTH_AraC|HTH_AraC"
PUL1772,"PL15_2,2.A.1.7.18,null,null,null,PL12_2,GH88,8.A.46.1.3,1.B.14.6.1,null,PL12_2"
PUL1773,"PL15_2,2.A.1.7.18,null,null,null,PL12_2,GH88,8.A.46.1.3,1.B.14.6.1,null,PL12_2,HTH_AraC"
PUL1774,"PL15_2,2.A.1.7.18,null,null,null,PL12_2,GH88,null,1.B.14.6.1,null,PL12_2,HTH_AraC"
PUL1775,"PL15_2,2.A.1,null,null,null,PL12_2,GH88,8.A.46,1.B.14,null,PL12_2,HTH_AraC|HTH_AraC"
PUL1776,"PL8_2,8.A.46.1.3,1.B.14.6.1,null,HTH_AraC"
PUL1777,"PL8_2,null,GH88,null,1.B.14.6.1,null,null,null,null,null,GH2,8.A.1.6.3,2.A.6.2.22,2.A.6.2.42,null,null,HTH_AraC,null,1.B.14.6.1,8.A.46.1.3,null,null,PL29,null,null,PL8_2"
PUL1778,"PL8_2,null,null,0043935,PL29,null,null,8.A.46.1.3,1.B.14.6.1,null,HTH_AraC,null,null,2.A.6.2.42,2.A.6.2.22,8.A.1.6.3,GH2,null,null,null,null,null,1.B.14.6.1,null"
PUL1779,"PL8_2,null,null,null,PL29,null,null,8.A.46,1.B.14,null,HTH_AraC,null,null,2.A.6,2.A.6,2.A.6,GH2,null,null,null,null,null,1.B.14,null,GH88,null,PL8_2"
PUL1780,"PL8,null,null,null,PfkB,null,GH88,4.A.6,4.A.6,4.A.6,4.A.6,null,PL12_1"
PUL1781,"PL8,null,PfkB,null,null,null,TrmB,null,GH88,4.A.6.1.14,4.A.6.1.14,4.A.6.1.14,null,null,PL12_1,null"
PUL1782,"TetR_N,GH20"
PUL1783,"1.B.14.12.2,1.B.14.12.1,gnl,1.B.14.12.1,gnl,GH28,null,null,GH105,GH105,GH43_10|CBM91,GH43_10|CBM91,GH43_10|CBM91,null,PL1_2,null,CE8|PL1_5,LacI,2.A.56.1.5,2.A.56.1.5,2.A.56.1.5,null,null,null,null,PfkB"
PUL1784,"1.B.14.6.1,8.A.46.1.2,null,null,GH140,HTH_AraC"
PUL1785,"1.B.14.6.1,8.A.46.1.3,GH3,GH144"
PUL1786,"1.B.14.6.1,GH3,GH144"
PUL1787,"1.B.14.6.1,null,GH3,GH144"
PUL1788,"1.B.14.6.1,null,GH3|GH144,GH3|GH144"
PUL1789,"1.B.14.6.1,null,null,GH3,HTH_AraC|HTH_AraC,GH57,GT4,GH133"
PUL1790,"1.B.14.6.1,null,null,GH43_4,null,2.A.21.3.19,NUDIX,null,null,null,GH146,GH51_1"
PUL1791,"1.B.14.6.1,null,null,null,null,CE1,CE1,null,null"
PUL1792,"1.B.14,8.A.46,null,CE8,PL9_1,null,null,null,null,null,PfkB,null,2.A.56,2.A.56,2.A.56,null,null,null,LacI,GH28,null,GH105,GH43_10,GH28|PL9_1,CE12,CE10|CE8,CE12,PL10_1"
PUL1793,"1.B.14,CE8,PL10_1"
PUL1794,"1.B.14,null,null,GH3,HTH_AraC|HTH_AraC,GH57,GT4,GH133"
PUL1795,"2.A.1.1.55,null,1.B.14.6.2,null,null,null,null,null,CE20,null"
PUL1796,"3.A.1,3.A.1,3.A.1,3.A.1,PL2_2"
PUL1797,"CBM67|GH78,2.A.2.3.6,GH130_1,GH140,GH5_5,GH2,GH5_5,null,null,1.B.14.6.1,GH5_2"
PUL1798,"CBM67|GH78,2.A.2.3.6,GH130_1,GH140,GH5_5,GH5_5,null,null,1.B.14.6.1,GH5_2"
PUL1799,"CBM67|GH78,null,GH142,GH95,null,CBM67|GH78,GH143,GH43_18,GH28,GH140,null,PL1_2,null,PL1_2,null,1.B.14,CE8,GH127,PL1_2,GH139,null,GH106,GH2,GH137,null,GH78,HTH_AraC"
PUL1800,"CE10,1.B.35"
PUL1801,"CE12,1.B.14,null,GH28,null,null,GH105,GH105,GH43_10,null,LacI,2.A.56,2.A.56,2.A.56,null,null,null,null,PfkB,CE8,PL1_2"
PUL1802,"CE12,GH28,PL10_1|CE8,GH43_10|CBM91,GH105,GH105,8.A.46.1.6,1.B.14.6.1,GH28,LacI"
PUL1803,"CE12,GH28,PL10_1|CE8,GH43_10,GH105,GH105,GH105,null,8.A.46,1.B.14,GH28,LacI"
PUL1804,"CE20|GH105,GH106,PL11,GH28,null,null,2.A.7.6.1,null,GH105,HTH_AraC|HTH_AraC,GH28,null,1.B.14.6.1,null,PL1_2"
PUL1805,"GerE,FecR,1.B.14.6.1,null,GH92,GH92,GH28"
PUL1806,"GerE,GH28,null,null,null,1.B.14.6.1,null,null,null,1.B.14.6.1,null,PL1_2,CE20|GH105,GH28,null,PL11,null,null,null,8.A.46.1.3,1.B.14.6.1,HTH_AraC,null,GH117|GH117,null,null,GH28"
PUL1807,"GH105,CE8,CE12|CE8,AAA,HTH_AraC,null,null,1.B.14.6.1,PL1_2"
PUL1808,"GH105,CE8,CE12|CE8,AAA,HTH_AraC,null,null,1.B.14.6.1,PL1_2,PL1_2"
PUL1809,"GH105,CE8,CE12|CE8,HTH_AraC,null,null,1.B.14,PL1_2,PL1_2,9.B.116,LytTR,PL1_2,null,1.B.14,null,GH28,HTH_AraC|HTH_AraC"
PUL1810,"GH105,CE8,CE12|CE8,HTH_AraC,PL1_2,PL1_2,PL1_2,CE8,null,null,1.B.14,9.B.116,LytTR,PL1_2,null,null,PL1_2,1.B.14,8.A.46,null,null,CE8,GH28,GH3,GH43_10,null,HTH_AraC|HTH_AraC"
PUL1811,"GH105,CE8,CE12|CE8,HTH_AraC,PL1_2,PL1_2,PL1_2,null,null,1.B.14.6.1,9.B.116.3.2,LytTR,PL1_2,null,null,PL1_2,1.B.14.6.1,8.A.46.1.3,null,null,CE8,GH28,GH3"
PUL1812,"GH105,CE8,null,CE12|CE8,AAA,HTH_AraC,null,null,1.B.14,PL1_2,PL1_2"
PUL1813,"GH106,GH28,null,GH28,CE12,GH2,GH42,GH28,null,null,1.B.14.6.1,null,null,1.B.14.6.1,null,1.B.14.6.1,null,PL11,PL26,CE12|CE12,GH105,PL11_1,GH105,null,HTH_AraC|HTH_AraC"
PUL1814,"GH106,GH28,null,GH28,CE12,GH2,null,GH43_18|GH43_34|CBM32,GH42,GH28,null,null,1.B.14,null,null,1.B.14,null,1.B.14,null,PL11,PL26,CE12|CE12,GH105,PL11_1,GH105,null,HTH_AraC|HTH_AraC"
PUL1815,"GH106,GH28,null,null,GH28,CE12,GH2,GH43_18|GH42,GH28,CE4,GH28,GH2,CBM35,null,null,GH35,null,null,null,1.B.14,8.A.46,null,null,1.B.14,null,PL9,null,PL26,CE12|CE12,GH105,PL11_1,GH105,null,HTH_AraC|HTH_AraC,CE4,CE6,GH2,HTH_AraC,PL9_1"
PUL1816,"GH133,GH13_10,null,null,8.A.46,1.B.14,GH2,GH53,GH147"
PUL1817,"GH144,GH3,1.B.14.6.1"
PUL1818,"GH144,GH3,8.A.46.1.3"
PUL1819,"GH144,GH3,8.A.46.1.3,1.B.14.6.1"
PUL1820,"GH144,GH3,null,1.B.14.6.1"
PUL1821,"GH147,GH53,GH2,1.B.14.6.1,8.A.46.1.1,null,null,GH13_10,GH133"
PUL1822,"GH27|CBM35,null,null,GH35,null,null,null,1.B.14.6.1,8.A.46.1.4,null,null,1.B.14.6.2,null,PL9,null,PL26,CE12|CE12,PL11_1,GH105,null"
PUL1823,"GH28,2.A.1"
PUL1824,"GH28,GH105,1.B.14.12.2,CE12,PfkB,null,null,null,null,LacI,2.A.56.1.5,2.A.56.1.5,2.A.56.1.5,null,null,null"
PUL1825,"GH28,GH92,GH92,null,1.B.14.6.1,FecR,GerE"
PUL1826,"GH2,CE12|CE12,null,GH28,null,null,GH117,null,null,1.B.14,GH106,GH105"
PUL1827,"GH2,GH53,null,8.A.46,1.B.14,GH147,HTH_AraC|HTH_AraC|HTH_AraC"
PUL1828,"GH2,PL11,GH28,null,null,GH117|GH117,null,HTH_AraC,1.B.14,8.A.46,null,null,null,PL11,null,GH28,GH105,null,null,null,1.B.14,null,null,null,1.B.14,null,null,null,GH28,null"
PUL1829,"GH30_4,null,null,1.B.14.6.1,null,null,Mga|HTH_AraC,GH18"
PUL1830,"GH3,null,1.B.14.6.1"
PUL1831,"GH43_19|GH43_34,GH27,GH2,GH95,GH51,GH28,GH28,2.A.21,null,GH2,null,HTH_AraC,null,null,null,GH92,GH92,null,1.B.14,GH89"
PUL1832,"GH43_29,GH51_2,GH43_4,1.B.14.6.1,null,null,GH43_4,null,2.A.21.3.19,NUDIX,null,null,GH146,GH51_1"
PUL1833,"GH43_34|CBM32,GH43_10|CBM91,GH97,GH29,null,HTH_AraC|HTH_AraC,null,1.B.14.6.1,null,null,null"
PUL1834,"GH43_34,GH43_10,GH97,GH29,null,HTH_AraC|HTH_AraC,null,null,1.B.14,null,null,null"
PUL1835,"GH51_1,GH146,null,null,null,NUDIX,2.A.21.3.19,null,GH43_4,null,null,1.B.14.6.1,GH43_4,GH51_2"
PUL1836,"GH51,GH146,null,null,null,NUDIX,2.A.21,null,GH43_4,null,null,1.B.14,GH43_4,GH51,GH43_29"
PUL1837,"GH5_2,1.B.14.6.1,null,null,GH5_5,GH2,GH5_5,GH140,GH130_1,2.A.2.3.6,CBM67|GH78"
PUL1838,"GH53,null,8.A.46.1.1,1.B.14.6.1,GH147"
PUL1839,"GH92,GH92|GH92,null,1.B.14.6.1,FecR,GerE"
PUL1840,"GH92,null,1.B.14.6.1,null,PL1_2,null,GH43_18,CBM67|GH78,GH28,CE19,null,CBM67|GH78|GH33,GH140,GH95"
PUL1841,"GH95,null,GH140,CBM67|GH78|GH33,null,null,GH28,CBM67|GH78,GH43_18,null,PL1_2,null,null,null,1.B.14,null,GH92"
PUL1842,"HTH_AraC,GH140,null,null,null,1.B.14"
PUL1843,"HTH_AraC,GH2,GH139,CE20,GH106,null,3.A.3.4.1,HisKA|HATPase_c,Trans_reg_C,GH2,GH2,HisKA|HATPase_c,HTH_AraC,GH137|GH2|CBM57|CBM97,GH138,2.A.21.9.2,null,GH78,GH141,GH127,null,Nitroreductase,null,null,null,GH95,GH105,GH140,CBM67|GH78|GH33,null,null,CE19,GH28,CBM67|GH78,GH143|GH142,GH43_18,null,PL1_2,null,1.B.14.6.1,null,null,1.B.14.6.2,null"
PUL1844,"HTH_AraC|HTH_AraC,GH43_10|CBM91,GH3,GH28,CE8,null,null,8.A.46.1.3,1.B.14.6.1,PL1_2,null,null,PL1_2,LytTR,9.B.116.3.2,1.B.14.6.1,null,CE8,PL1_2,PL1_2,PL1_2,HTH_AraC,CE12|CE8,CE8,GH105"
PUL1845,"HTH_AraC|HTH_AraC,GH43_10|CBM91,GH3,GH28,CE8,null,null,8.A.46.1.3,1.B.14.6.1,PL1_2,null,null,PL1_2,LytTR,9.B.116.3.2,1.B.14.6.1,null,null,CE8,PL1_2,PL1_2,PL1_2,HTH_AraC,CE12|CE8,CE8,GH105"
PUL1846,"HTH_AraC|HTH_AraC,null,GH105,PL11_1,GH105,CE12|CE12,PL26,PL11_1,null,1.B.14.6.1,null,1.B.14.6.1,null,null,1.B.14.6.1,null,null,GH28,GH42,GH43_18|GH43_34|CBM32,GH2,CE12,GH28,null,GH28,GH106"
PUL1847,"HTH_AraC,null,GH2,GH139,null,GH106,null,3.A.3,HisKA|HATPase_c,Trans_reg_C,null,GH2,GH2,HisKA|HATPase_c,HTH_AraC,GH137|GH2|CBM57,GH138,2.A.21,null,null,GH78,GH141,GH127,null,null,Nitroreductase,null,null,null,GH95,GH105,GH140,CBM67|GH78|GH33,null,null,null,null,GH28,CBM67|GH78,GH143|GH142,GH43_18,null,PL1_2,null,1.B.14,null,null,null,1.B.14,null"
PUL1848,"MarR,null,null,AraC_binding,null,null,PfkB,null,2.A.21,1.B.35,PL9_1,2.A.21,PL22|PL22"
PUL1849,"MarR,PfkB,null,AraC_binding,null,null,PfkB,null,2.A.21.3.12,1.B.35.1.7,PL9_1,2.A.21.3.12,PL22|PL22"
PUL1850,"null,1.B.14.6.1,8.A.46.1.4,null,null,1.B.14.6.2,null,PL9,null,PL26,CE12|CE12,PL11_1,GH105,null"
PUL1851,"null,1.B.14.6.1,null,null,null,null,null,null,CE20,null"
PUL1852,"null,1.B.14,8.A.46,null,CE8,PL9_1,null,null,null,null,null,PfkB,null,2.A.56,2.A.56,2.A.56,null,null,null,LacI,GH28,null,GH105,GH43_10,GH28|PL9_1,CE12,CE10|CE8,CE12,PL10_1"
PUL1853,"null,1.B.14,null,null,2.A.66,GH28,null"
PUL1854,"null,1.B.14,null,null,null,null,GH3,null,1.B.14,8.A.46,null,null,null,null,null"
PUL1855,"null,1.B.14,null,null,PL1_2,null,null,1.B.14,null"
PUL1856,"null,1.B.14,PL1_2"
PUL1857,"null,CE20,null,null,null,null,null,1.B.14.6.2,null,null,null"
PUL1858,"null,GH105,PL11_1,CE12|CE12,PL26,null,PL9,null,1.B.14.6.2,null,null,8.A.46.1.4,1.B.14.6.1,null"
PUL1859,"null,GH28,2.A.66.1.28,Pribosyltran,null,1.B.14.6.1,null"
PUL1860,"null,GH36,null,1.B.14,null,PL1"
PUL1861,"null,GH3,GH144"
PUL1862,"null,null,CE1,CE1,null,null,null,1.B.14.6.1"
PUL1863,"null,null,CE1,CE1,null,null,null,null,1.B.14.6.1"
PUL1864,"null,null,CE1,null,null,null,8.A.46.1.4,1.B.14.6.1"
PUL1865,"null,null,HTH_DeoR,HTH_AraC|HTH_AraC,8.A.59,PL1_6,GH105,SBP_bac_1,3.A.1"
PUL1866,"null,null,null,1.B.14.6.1,null,HTH_AraC|HTH_AraC,null,GH29,GH97,GH43_10|CBM91,GH43_34|CBM32"
PUL1867,"null,null,null,2.A.56.1.5,2.A.56.1.5,2.A.56.1.5,LacI,null,null,null,null,PfkB,CE12,1.B.14.12.2,GH105,GH28,CE8"
PUL1868,"null,null,null,2.A.56.1.5,2.A.56.1.5,2.A.56.1.5,LacI,null,null,null,null,PfkB,CE12,null,1.B.14.12.2,GH105,GH28,CE8"
PUL1869,"null,null,null,2.A.56,2.A.56,2.A.56,LacI,null,null,null,null,PfkB,CE12,null,1.B.14,GH105,GH28,CE8"
PUL1870,"null,null,null,null,GntR,GH28,2.A.2,GH105,null,null,PfkB,null,null,null,TrmB"
PUL1871,"null,null,null,null,null,8.A.46.1.4,1.B.14.6.1,null,GH3,null,null,null,null,1.B.14.10.1,null"
PUL1872,"null,Sigma70_r2|Sigma70_r4_2,null,PL1_2,HTH_AraC,null,GH2,GH139,null,GH106,null,3.A.3,HisKA|HATPase_c,Trans_reg_C,null,GH2,GH2,HisKA|HATPase_c,HTH_AraC,GH137|GH2|CBM57,GH138,2.A.21,null,null,GH78,GH141,GH127,null,null,Nitroreductase,null,null,null,GH95,GH105,GH140,CBM67|GH78|GH33,null,null,null,null,GH28,CBM67|GH78,GH143|GH142,GH43_18,null,PL1_2,null,1.B.14,null,null,null,1.B.14,null"
PUL1873,"null,Sigma70_r2|Sigma70_r4_2,PL29,PL1_2,HTH_AraC,GH2,GH139,CE20,GH106,null,3.A.3.4.1,HisKA|HATPase_c,Trans_reg_C,GH2,GH2,HisKA|HATPase_c,HTH_AraC,GH137|GH2|CBM57|CBM97,GH138,2.A.21.9.2,null,GH78,GH141,GH127,null,Nitroreductase,null,null,null,GH95,GH105,GH140,CBM67|GH78|GH33,null,null,CE19,GH28,CBM67|GH78,GH143|GH142,GH43_18,null,PL1_2,null,1.B.14.6.1,null,null,1.B.14.6.2,null"
PUL1874,"PfkB,null,null,null,null,2.A.56,2.A.56,2.A.56,LacI,null,CE8|PL1_5,null,PL1_2,null,null,null,null,GH105,GH105,null,null,GH28,null,null,1.B.14,null"
PUL1875,"PL10_1,CE12,CE8,CE12,GH28|PL9_1,GH43_10|CBM91,GH105,null,GH28,LacI,null,null,null,2.A.56.1.5,2.A.56.1.5,2.A.56.1.5,null,PfkB,null,null,null,null,null,PL9_1,CE8,null,1.B.14.6.1"
PUL1876,"PL10_1,CE8,PL11"
PUL1877,"PL1_2,1.B.14.6.1,null"
PUL1878,"PL1_2,CE8,PfkB,null,null,null,null,2.A.56.1.5,2.A.56.1.5,2.A.56.1.5,LacI,null,GH43_10|CBM91,GH105,GH105,null,null,GH28,1.B.14.12.1,CE12"
PUL1879,"PL1_2,null,null,1.B.14.6.1,null,GH28,HTH_AraC|HTH_AraC,GH105,null,2.A.7.6.1,null,null,GH28,PL11,GH106,CE20|GH105"
PUL1880,"PL1_5|PL1_5,null,PL1_2,TrmB"
PUL1881,"PL1,null,1.B.14.6.1,null,GH36,null"
PUL1882,"SBP_bac_1,3.A.1.1.11,3.A.1.1.11,GH105,HTH_AraC|HTH_AraC,CE12,null,9.B.28.1.5,PL11,PL11,CE12,GH42"
PUL1883,"SBP_bac_1,3.A.1,3.A.1,GH105,HTH_AraC|HTH_AraC,CE12,null,9.B.28,PL11,PL11,CE12,GH42"
PUL1884,"TrmB,PL1_2,null,PL1_5|PL1_5"
PUL1885,"1.B.14.6.1,null,CE1,null,GH43_7|GH43_7,GH43_17,GH3,GH43_2|CBM6,HTH_AraC"
PUL1886,"1.B.14.6.1,null,null,null,null,GH10,GH5_21,null,GH43_35,GH43_1,GH10,2.A.2.3.2,null,GH67"
PUL1887,"1.B.14,HTH_AraC|HTH_AraC,GH97,GH3,GH43_10,GH146,GH115,CE6|CE1,null,GH43_12,null,1.B.14"
PUL1888,"1.B.14,null,null,GH10,GH115,GH11,2.A.2,GH10,GH43_1"
PUL1889,"1.B.14,null,null,null,GH35"
PUL1890,"2.A.2.3.2,GH43_11|CBM91"
PUL1891,"8.A.46.1.1,1.B.14.6.1,GH20"
PUL1892,"8.A.46.1.1,1.B.14.6.1,GH20,GH20|CBM32"
PUL1893,"8.A.46,1.B.14,HTH_AraC|HTH_AraC,GH97,GH3,GH43_10,GH146,GH115,null,GH43_12,null,1.B.14,GH3"
PUL1894,"8.A.59,HTH_AraC|HTH_AraC,SBP_bac_1,3.A.1,3.A.1,null,CE4,GH52,GH10,null,3.A.1,3.A.1,GH67,GH39,PfkB,null,GntR,null,null,null,9.B.28,null,null,AAA,null,null,null,GH43_11,null,null"
PUL1895,"9.B.33,3.A.1,HTH_5,GH51"
PUL1896,"CE1,null,GH43_7|GH43_7,1.B.14.6.1,null,CE6|CE1,CE1,null,GH43_17,GH3"
PUL1897,"CE1,null,GH43_7|GH43_7,1.B.14.6.1,null,CE6|CE1,CE1,null,GH43_17,GH3,GH43_2|CBM6,HTH_AraC"
PUL1898,"CE1,null,GH43_7|GH43_7,1.B.14.6.1,null,GH43_17,GH3,GH43_2|CBM6,HTH_AraC"
PUL1899,"CE1,null,GH43_7|GH43_7,1.B.14.6.1,null,GH9,GH43_17,GH3,GH43_2|CBM6,HTH_AraC"
PUL1900,"CE1,null,GH43_7|GH43_7,1.B.14,null,CE6|CE1,CE1,null,GH43_17,GH3,GH43_2|CBM6,HTH_AraC|HTH_AraC"
PUL1901,"CE1,null,GH43_7|GH43_7,GH9,GH43_17,GH3,GH43_2|CBM6,HTH_AraC"
PUL1902,"CE1,null,GH43_7|GH43_7,null,GH9,GH43_17,GH43_2|CBM6,HTH_AraC"
PUL1903,"CE6|GH95,CE1,GH5_21,GH10,GH10,null,null,null,null,1.B.14.6.1"
PUL1904,"GH10|CE1,GH95,GH3,HTH_AraC|HTH_AraC"
PUL1905,"GH10|CE1,GH95,GH3,SBP_bac_1,HTH_AraC|HTH_AraC"
PUL1906,"GH10,GH2,null,GH10,2.A.1,null,2.A.2,GH43_1"
PUL1907,"GH10,GH43_1"
PUL1908,"GH10,null,null,1.B.14.6.1,HTH_AraC|HTH_AraC"
PUL1909,"GH10,null,null,null,null,1.B.14.6.1,GH43_12|CBM91,GH43_1,GH10,HTH_AraC|HTH_AraC,null,GH146,NUDIX,CE1,GH8,CE6,GH43_29|CBM6,GH43_29|CBM6,GH97,GH31_4,HTH_AraC|HTH_AraC,NTP_transf_2,GH51_2,GH43_29,CE1|CE1,GH43_10|CBM91,GH115,CE20|CE20,2.A.2.3.2,GH10,GH43_1,GH67,null,null,HTH_AraC|HTH_AraC,1.B.14.6.1,8.A.46.1.6"
PUL1910,"GH10,null,null,null,null,1.B.14,GH43_12,GH43_1,GH10,HTH_AraC|HTH_AraC,null,GH146,NUDIX,CE1,GH8,CE6,GH43_29|CBM6,GH43_29|CBM6,GH97,GH31,HTH_AraC,null,GH51,GH43_29,CE1|CE1,GH43_10,GH115,null,2.A.2,GH10,GH43_1,GH67,null,null,HTH_AraC|HTH_AraC,1.B.14,8.A.46"
PUL1911,"GH115,GH95,HTH_AraC,GH43_29|CBM6,CE6|CE1,GH5_21,null,GH10,null,null,null,null,1.B.14.6.1,GH43_12|CBM91,GH43_29|CBM6,GH97,GH31_4,GH43_12|CBM91,GH3,GH43_10|CBM91"
PUL1912,"GH127,GH43,null,GH43_26,GH2,GH5_13,null,null,1.B.14.6.1"
PUL1913,"GH128,null,1.B.14.6.1,null,null,8.A.46.1.4,1.B.14.6.1,null,GH51_2|GH43_19,null,GH43_24"
PUL1914,"GH128,null,GH51_2|GH43_19,null,1.B.14.6.1,null,null,null,null"
PUL1915,"GH128,null,null,GH51|GH43_19,null,1.B.14,null,null,null,null"
PUL1916,"GH16_3,GH158,GH3,null,null,1.A.43.1.1,null,GH97,Fer4,HTH_AraC,Pribosyltran,null,null,null,null,null,null,GH13_46,TPR_1|TPR_2,3.B.1.1.2,null,null,3.B.1.1.2,Glyoxalase,null,HTH_8"
PUL1917,"GH20|CBM32,1.B.14.6.1,8.A.46.1.1"
PUL1918,"GH20|CBM32,GH20,1.B.14.6.1,8.A.46.1.1"
PUL1919,"GH2,PL11_1,GH43_7|GH43_7,GH3,PL11_1,null,null,null,1.B.14.6.1,null,null,null,1.B.14.6.1,null,CE2"
PUL1920,"GH30_8,GH10,null,null,1.B.14.6.1,null,1.B.14.6.1,HTH_AraC|HTH_AraC"
PUL1921,"GH30_8,GH43_16|CBM6"
PUL1922,"GH3,3.A.1.1.2,3.A.1.1.21,3.A.1.1.21,LacI"
PUL1923,"GH35,CE20|CE20,2.A.2.3.4,GH43_1,GH67,HTH_AraC|HTH_AraC,GH115,CE6|GH95,CE6|GH95,CE15|GH8,GH97,HTH_AraC,GH31_4,GH43_10|CBM91,CE1,0041905,null,GH5_21,GH10,null,null,null,null,1.B.14.6.1,GH43_12|CBM91"
PUL1924,"GH35,null,null,null,1.B.14.6.1"
PUL1925,"GH3,HTH_AraC,1.B.14,null,null,GH10,GH16,GH8,2.A.2"
PUL1926,"GH43_10|CBM91,GH43_12|CBM91,null,CE20|CE20,GH43_1,1.B.14.6.1,null,null,null,null,null,LacI,null,GH3,GH67,null,null,GH10,GH115,CE15,null,null,2.A.21.3.19"
PUL1927,"GH43_10,GH3,null,GH43_12,GH31,GH97,GH43_29|CBM6,GH43_12,1.B.14,null,1.B.14,null,null,null,GH30_8,GH98|CBM35,GH115,CE6|CE1,GH43_29|CBM6,HTH_AraC,GH95,null,null,HTH_8|HTH_AraC,GH30,1.B.14,null,null,null,null,null,GH115,null"
PUL1928,"GH43_10,GH3,null,GH43_12,GH31,GH97,GH43_29|CBM6,GH43_12,1.B.14,null,null,null,null,GH10,null,GH5_21,CE6|CE1,GH43_29|CBM6,Reg_prop|Reg_prop|Reg_prop|Y_Y_Y|HisKA|HATPase_c|Response_reg|HTH_18,GH95,GH115"
PUL1929,"GH43_10,GH43_12,null,null,GH43_1,1.B.14,null,null,null,null,null,null,null,LacI,null,GH3,GH67,null,null,GH10,GH115,CE15,null,null,2.A.21"
PUL1930,"GH43_11|CBM91,2.A.2.3.2"
PUL1931,"GH43_11|CBM91,2.A.2.3.2,null,null,null,HTH_AraC|HTH_AraC"
PUL1932,"GH43_12|CBM91,1.B.14.6.1,null,null,null,null,GH10,GH5_21,null,0041905,CE1,GH43_10|CBM91,GH31_4,HTH_AraC,GH97,CE15|GH8,CE6|GH95,GH115,HTH_AraC|HTH_AraC,GH67,GH43_1,2.A.2.3.4,CE20|CE20,GH35"
PUL1933,"GH43_12|CBM91,GH115,GH43_10|CBM91,GH97,GH43_29|CBM6,CE1|CE1,GH95,GH115,null,HTH_8|HTH_AraC,CE1,GH30_8,null,null,null,null,TPR_1,1.B.14.6.1"
PUL1934,"GH43_12,GH115,GH43_10,GH97,GH43_29|CBM6,CE1|CE1,GH95,GH115,null,HTH_AraC,null,GH30_8,null,null,null,null,null,1.B.14"
PUL1935,"GH43_16|CBM6,GH10|CBM6,GH43_29|CBM6,CE1|CBM6,GH43_10|CBM6,GH62|CBM6,GH43_29|CBM6,GH146|CBM22,GH27|CBM6,GH59|CBM6,GH2|CBM6"
PUL1936,"GH43_16|CBM6,GH30_8"
PUL1937,"GH43_1,GH10"
PUL1938,"GH43_24,null,GH51|GH43_19,null,1.B.14,8.A.46,null,null,1.B.14,null,GH128"
PUL1939,"GH43_29,HTH_AraC,null,null,null,null,null,1.B.14,GH43_12,GH43_1,GH10,null,2.A.2,null,GH16"
PUL1940,"GH67,3.A.1,3.A.1,3.A.1,3.A.1,3.A.1,CBM22|CBM22|GH10|CBM9|CBM9,null,null,null,HTH_11,null,PfkB,null,null,GH10,3.A.1,3.A.1,3.A.1,3.A.1,3.A.1,GH3,CE7,3.A.1"
PUL1941,"GH67,GH43_1,GH10,2.A.2.3.2,CE20|CE20,CBM4|GH10,null,null,1.B.14.6.1,HTH_AraC|HTH_AraC"
PUL1942,"GH67,null,2.A.2,GH10,GH43_1,GH43_35,null,GH5_21,GH10,null,null,null,null,1.B.14"
PUL1943,"HTH_8,null,Glyoxalase,3.B.1.1.2,null,null,3.B.1.1.2,TPR_1,GH13_46,null,null,null,null,null,null,Pribosyltran,HTH_AraC,Fer4,GH97,null,1.A.43.1.1,null,null,GH3,GH158,GH16_3"
PUL1944,"HTH_AraC,GH43_2|CBM6,GH3,GH43_17,GH9,null,1.B.14,GH43_7|GH43_7,null,CE1"
PUL1945,"HTH_AraC,GH43_2|CBM6,GH3,GH43_17,null,CE1,CE6|CE1,null,1.B.14.6.1,GH43_7|GH43_7,null,CE1"
PUL1946,"HTH_AraC,GH43_2|CBM6,GH3,GH43_17,null,GH43_7|GH43_7,null,CE1,null,1.B.14"
PUL1947,"HTH_AraC,GH43_2|CBM6,GH3,GH43_17,null,GH43_7|GH43_7,null,CE1,null,1.B.14.6.1"
PUL1948,"HTH_AraC,GH43_2|CBM6,GH43_17,CE1,CE1,null,null,GH43_7|GH43_7,null,CE1"
PUL1949,"HTH_AraC|HTH_AraC,1.B.14.6.1,null,1.B.14.6.1,null,null,GH10,GH30_8"
PUL1950,"HTH_AraC|HTH_AraC,1.B.14.6.1,null,null,CBM4|GH10,CE20|CE20,2.A.2.3.2,GH10,GH43_1,GH67"
PUL1951,"HTH_AraC|HTH_AraC,1.B.14.6.1,null,null,GH10"
PUL1952,"HTH_AraC|HTH_AraC,1.B.14,null,null,GH10,null,GH35,null,2.A.2,GH10|GH43_12,GH43_1,null,GH67,null,null,0036286,null,GH8,CE6|GH95,CE1,GH5_21,null,GH10,null,null,null,null,1.B.14,null,null,GH115"
PUL1953,"HTH_AraC|HTH_AraC,8.A.59,3.A.1,3.A.1,3.A.1,GH67,GH10,GH43_12"
PUL1954,"HTH_AraC|HTH_AraC,dCache_1|HATPase_c,SBP_bac_1,GH43_11,3.A.1,3.A.1,3.A.1"
PUL1955,"HTH_AraC|HTH_AraC,GH115,1.B.14.6.1,null,1.B.14.6.1,null,null,GH10,GH30_8"
PUL1956,"HTH_AraC|HTH_AraC,GH3,GH95,GH10|CE1"
PUL1957,"HTH_AraC|HTH_AraC,null,null,null,2.A.2.3.2,GH43_11|CBM91"
PUL1958,"HTH_AraC|HTH_AraC,SBP_bac_1,GH3,GH95"
PUL1959,"HTH_AraC|HTH_AraC,SBP_bac_1,GH3,GH95,GH10|CE1"
PUL1960,"LacI,GH43_15|CBM6,CBM4|CBM4|GH10,null,null,null,null,GH10,GerE,FecR,1.B.14,8.A.46,GH67,GH3,GH3"
PUL1961,"null,2.A.1,HTH_AraC|HTH_AraC,1.B.14,null,1.B.14,GH43_10,HTH_AraC|HTH_AraC,GH43_1,GH10,2.A.2,null,GH67"
PUL1962,"null,8.A.46,1.B.14,Sigma70_r2|Sigma70_r4_2,GH67,2.A.2,null,GH13_14"
PUL1963,"null,GH127,null,null,GH43_26,GH2,GH5_13,null,null,1.B.14"
PUL1964,"null,GH43_10|CBM91,null,CE20|CE20,GH43_11|CBM91,3.A.1.1.18,3.A.1.1.25,SBP_bac_1,LacI,GH43_12,null"
PUL1965,"null,GH43_10|CBM91,null,CE20|CE20,GH43_11|CBM91,3.A.1.1.18,3.A.1.1.7,SBP_bac_1,LacI"
PUL1966,"null,GH43_10|CBM91,null,CE20|CE20,GH43_11|CBM91,3.A.1.1.18,3.A.1.1.7,SBP_bac_1,LacI,GH43_12,null"
PUL1967,"null,GH43_12,LacI,SBP_bac_1,3.A.1.1.25,3.A.1.1.18,GH43_11|CBM91,CE20|CE20,null,GH43_10|CBM91,null"
PUL1968,"null,GH43_12,LacI,SBP_bac_1,3.A.1.1.25,3.A.1.1.18,GH43_11|CBM91,CE20|CE20,null,GH43_10|CBM91,null,HTH_IclR"
PUL1969,"null,GH43_12,LacI,SBP_bac_1,3.A.1.1.7,3.A.1.1.18,GH43_11|CBM91,CE20|CE20,null,GH43_10|CBM91,null"
PUL1970,"null,GH43_12,LacI,SBP_bac_1,3.A.1.1.7,3.A.1.1.18,GH43_11|CBM91,CE20|CE20,null,GH43_10|CBM91,null,HTH_IclR"
PUL1971,"null,GH67,GH3,null,null,null,8.A.59,HTH_AraC,null,3.A.1,null,null"
PUL1972,"null,GH67,GH43_1,GH10,2.A.2,null,GH10,null,null,1.B.14,HTH_AraC|HTH_AraC|HTH_AraC"
PUL1973,"null,null,1.B.14.6.1,GerE,GH67,2.A.2.3.6"
PUL1974,"null,null,1.B.14.6.1,GerE,GH67,2.A.2.3.6,CE20|CE20,GH13_14"
PUL1975,"null,null,1.B.14,null,null,null,1.B.14,null,null,null,PL11_1,GH3,GH43_7,PL11_1,GH2"
PUL1976,"null,null,3.A.1,3.A.1,SBP_bac_1,GH43_26,null,LacI,GH43_27,GH43_4,GH43_4,null,GH51,3.A.1"
PUL1977,"null,null,GH120,null,GH43_12,GH43_11,3.A.1,3.A.1,3.A.1,LacI,null,null"
PUL1978,"null,null,GH43_11,2.A.2,2.A.1,null,null"
PUL1979,"null,null,GH43_11,null,null,GH10,9.B.28,null,null,null,GntR,null,PfkB,GH39,GH67,3.A.1,3.A.1,3.A.1,GH10,GH52,CE4,null,3.A.1,3.A.1,SBP_bac_1,HTH_AraC|HTH_AraC,8.A.59,null,null,null,null,GH51,3.A.1,3.A.1,3.A.1,null,null,null,GntR,3.A.1,3.A.1,3.A.1"
PUL1980,"null,null,null,null,GH10,9.B.28,null,null,null,GntR,null,PfkB,GH39,GH67,3.A.1,3.A.1,3.A.1,GH10,GH52,CE4,null,3.A.1,3.A.1,SBP_bac_1,HTH_AraC|HTH_AraC,8.A.59"
PUL1981,"null,null,null,null,null,null,GH10,3.A.12,ATPase_2,null,null,null,null,null,SBP_bac_1,3.A.1,3.A.1,8.A.49,GH10,null,null,null,null,null,null,null,null,Fer4"
